<patternlist>
  <pattern>
    <data>0xa0 0x00 0x0a 0x24 0x08 0x00 0x40 0x01 0x00 0x00 0x09 0x24</data>
    <funcstart label="FileOpen" validcode="function"/>
  </pattern>

  <pattern>
    <data>0xa0 0x00 0x0a 0x24 0x08 0x00 0x40 0x01 0x01 0x00 0x09 0x24</data>
    <funcstart label="FileSeek" validcode="function"/>
  </pattern>

  <pattern>
    <data>0xa0 0x00 0x0a 0x24 0x08 0x00 0x40 0x01 0x02 0x00 0x09 0x24</data>
    <funcstart label="FileRead" validcode="function"/>
  </pattern>

  <pattern>
    <data>0xa0 0x00 0x0a 0x24 0x08 0x00 0x40 0x01 0x03 0x00 0x09 0x24</data>
    <funcstart label="FileWrite" validcode="function"/>
  </pattern>

  <pattern>
    <data>0xa0 0x00 0x0a 0x24 0x08 0x00 0x40 0x01 0x04 0x00 0x09 0x24</data>
    <funcstart label="FileClose" validcode="function"/>
  </pattern>

  <pattern>
    <data>0xa0 0x00 0x0a 0x24 0x08 0x00 0x40 0x01 0x05 0x00 0x09 0x24</data>
    <funcstart label="FileIoctl" validcode="function"/>
  </pattern>

  <pattern>
    <data>0xa0 0x00 0x0a 0x24 0x08 0x00 0x40 0x01 0x06 0x00 0x09 0x24</data>
    <funcstart label="exit" validcode="function"/>
  </pattern>

  <pattern>
    <data>0xa0 0x00 0x0a 0x24 0x08 0x00 0x40 0x01 0x07 0x00 0x09 0x24</data>
    <funcstart label="FileGetDeviceFlag" validcode="function"/>
  </pattern>

  <pattern>
    <data>0xa0 0x00 0x0a 0x24 0x08 0x00 0x40 0x01 0x08 0x00 0x09 0x24</data>
    <funcstart label="FileGetc" validcode="function"/>
  </pattern>

  <pattern>
    <data>0xa0 0x00 0x0a 0x24 0x08 0x00 0x40 0x01 0x09 0x00 0x09 0x24</data>
    <funcstart label="FilePutc" validcode="function"/>
  </pattern>

  <pattern>
    <data>0xa0 0x00 0x0a 0x24 0x08 0x00 0x40 0x01 0x0a 0x00 0x09 0x24</data>
    <funcstart label="todigit" validcode="function"/>
  </pattern>

  <pattern>
    <data>0xa0 0x00 0x0a 0x24 0x08 0x00 0x40 0x01 0x0b 0x00 0x09 0x24</data>
    <funcstart label="atof" validcode="function"/>
  </pattern>

  <pattern>
    <data>0xa0 0x00 0x0a 0x24 0x08 0x00 0x40 0x01 0x0c 0x00 0x09 0x24</data>
    <funcstart label="strtoul" validcode="function"/>
  </pattern>

  <pattern>
    <data>0xa0 0x00 0x0a 0x24 0x08 0x00 0x40 0x01 0x0d 0x00 0x09 0x24</data>
    <funcstart label="strtol" validcode="function"/>
  </pattern>

  <pattern>
    <data>0xa0 0x00 0x0a 0x24 0x08 0x00 0x40 0x01 0x0e 0x00 0x09 0x24</data>
    <funcstart label="abs" validcode="function"/>
  </pattern>

  <pattern>
    <data>0xa0 0x00 0x0a 0x24 0x08 0x00 0x40 0x01 0x0f 0x00 0x09 0x24</data>
    <funcstart label="labs" validcode="function"/>
  </pattern>

  <pattern>
    <data>0xa0 0x00 0x0a 0x24 0x08 0x00 0x40 0x01 0x10 0x00 0x09 0x24</data>
    <funcstart label="atoi" validcode="function"/>
  </pattern>

  <pattern>
    <data>0xa0 0x00 0x0a 0x24 0x08 0x00 0x40 0x01 0x11 0x00 0x09 0x24</data>
    <funcstart label="atol" validcode="function"/>
  </pattern>

  <pattern>
    <data>0xa0 0x00 0x0a 0x24 0x08 0x00 0x40 0x01 0x12 0x00 0x09 0x24</data>
    <funcstart label="atob" validcode="function"/>
  </pattern>

  <pattern>
    <data>0xa0 0x00 0x0a 0x24 0x08 0x00 0x40 0x01 0x13 0x00 0x09 0x24</data>
    <funcstart label="SaveState" validcode="function"/>
  </pattern>

  <pattern>
    <data>0xa0 0x00 0x0a 0x24 0x08 0x00 0x40 0x01 0x14 0x00 0x09 0x24</data>
    <funcstart label="RestoreState" validcode="function"/>
  </pattern>

  <pattern>
    <data>0xa0 0x00 0x0a 0x24 0x08 0x00 0x40 0x01 0x15 0x00 0x09 0x24</data>
    <funcstart label="strcat" validcode="function"/>
  </pattern>

  <pattern>
    <data>0xa0 0x00 0x0a 0x24 0x08 0x00 0x40 0x01 0x16 0x00 0x09 0x24</data>
    <funcstart label="strncat" validcode="function"/>
  </pattern>

  <pattern>
    <data>0xa0 0x00 0x0a 0x24 0x08 0x00 0x40 0x01 0x17 0x00 0x09 0x24</data>
    <funcstart label="strcmp" validcode="function"/>
  </pattern>

  <pattern>
    <data>0xa0 0x00 0x0a 0x24 0x08 0x00 0x40 0x01 0x18 0x00 0x09 0x24</data>
    <funcstart label="strncmp" validcode="function"/>
  </pattern>

  <pattern>
    <data>0xa0 0x00 0x0a 0x24 0x08 0x00 0x40 0x01 0x19 0x00 0x09 0x24</data>
    <funcstart label="strcpy" validcode="function"/>
  </pattern>

  <pattern>
    <data>0xa0 0x00 0x0a 0x24 0x08 0x00 0x40 0x01 0x1a 0x00 0x09 0x24</data>
    <funcstart label="strncpy" validcode="function"/>
  </pattern>

  <pattern>
    <data>0xa0 0x00 0x0a 0x24 0x08 0x00 0x40 0x01 0x1b 0x00 0x09 0x24</data>
    <funcstart label="strlen" validcode="function"/>
  </pattern>

  <pattern>
    <data>0xa0 0x00 0x0a 0x24 0x08 0x00 0x40 0x01 0x1c 0x00 0x09 0x24</data>
    <funcstart label="index" validcode="function"/>
  </pattern>

  <pattern>
    <data>0xa0 0x00 0x0a 0x24 0x08 0x00 0x40 0x01 0x1d 0x00 0x09 0x24</data>
    <funcstart label="rindex" validcode="function"/>
  </pattern>

  <pattern>
    <data>0xa0 0x00 0x0a 0x24 0x08 0x00 0x40 0x01 0x1e 0x00 0x09 0x24</data>
    <funcstart label="strchr" validcode="function"/>
  </pattern>

  <pattern>
    <data>0xa0 0x00 0x0a 0x24 0x08 0x00 0x40 0x01 0x1f 0x00 0x09 0x24</data>
    <funcstart label="strrchr" validcode="function"/>
  </pattern>

  <pattern>
    <data>0xa0 0x00 0x0a 0x24 0x08 0x00 0x40 0x01 0x20 0x00 0x09 0x24</data>
    <funcstart label="strpbrk" validcode="function"/>
  </pattern>

  <pattern>
    <data>0xa0 0x00 0x0a 0x24 0x08 0x00 0x40 0x01 0x21 0x00 0x09 0x24</data>
    <funcstart label="strspn" validcode="function"/>
  </pattern>

  <pattern>
    <data>0xa0 0x00 0x0a 0x24 0x08 0x00 0x40 0x01 0x22 0x00 0x09 0x24</data>
    <funcstart label="strcspn" validcode="function"/>
  </pattern>

  <pattern>
    <data>0xa0 0x00 0x0a 0x24 0x08 0x00 0x40 0x01 0x23 0x00 0x09 0x24</data>
    <funcstart label="strtok" validcode="function"/>
  </pattern>

  <pattern>
    <data>0xa0 0x00 0x0a 0x24 0x08 0x00 0x40 0x01 0x24 0x00 0x09 0x24</data>
    <funcstart label="strstr" validcode="function"/>
  </pattern>

  <pattern>
    <data>0xa0 0x00 0x0a 0x24 0x08 0x00 0x40 0x01 0x25 0x00 0x09 0x24</data>
    <funcstart label="toupper" validcode="function"/>
  </pattern>

  <pattern>
    <data>0xa0 0x00 0x0a 0x24 0x08 0x00 0x40 0x01 0x26 0x00 0x09 0x24</data>
    <funcstart label="tolower" validcode="function"/>
  </pattern>

  <pattern>
    <data>0xa0 0x00 0x0a 0x24 0x08 0x00 0x40 0x01 0x27 0x00 0x09 0x24</data>
    <funcstart label="bcopy" validcode="function"/>
  </pattern>

  <pattern>
    <data>0xa0 0x00 0x0a 0x24 0x08 0x00 0x40 0x01 0x28 0x00 0x09 0x24</data>
    <funcstart label="bzero" validcode="function"/>
  </pattern>

  <pattern>
    <data>0xa0 0x00 0x0a 0x24 0x08 0x00 0x40 0x01 0x29 0x00 0x09 0x24</data>
    <funcstart label="bcmp" validcode="function"/>
  </pattern>

  <pattern>
    <data>0xa0 0x00 0x0a 0x24 0x08 0x00 0x40 0x01 0x2a 0x00 0x09 0x24</data>
    <funcstart label="memcpy" validcode="function"/>
  </pattern>

  <pattern>
    <data>0xa0 0x00 0x0a 0x24 0x08 0x00 0x40 0x01 0x2b 0x00 0x09 0x24</data>
    <funcstart label="memset" validcode="function"/>
  </pattern>

  <pattern>
    <data>0xa0 0x00 0x0a 0x24 0x08 0x00 0x40 0x01 0x2c 0x00 0x09 0x24</data>
    <funcstart label="memmove" validcode="function"/>
  </pattern>

  <pattern>
    <data>0xa0 0x00 0x0a 0x24 0x08 0x00 0x40 0x01 0x2d 0x00 0x09 0x24</data>
    <funcstart label="memcmp" validcode="function"/>
  </pattern>

  <pattern>
    <data>0xa0 0x00 0x0a 0x24 0x08 0x00 0x40 0x01 0x2e 0x00 0x09 0x24</data>
    <funcstart label="memchr" validcode="function"/>
  </pattern>

  <pattern>
    <data>0xa0 0x00 0x0a 0x24 0x08 0x00 0x40 0x01 0x2f 0x00 0x09 0x24</data>
    <funcstart label="rand" validcode="function"/>
  </pattern>

  <pattern>
    <data>0xa0 0x00 0x0a 0x24 0x08 0x00 0x40 0x01 0x30 0x00 0x09 0x24</data>
    <funcstart label="srand" validcode="function"/>
  </pattern>

  <pattern>
    <data>0xa0 0x00 0x0a 0x24 0x08 0x00 0x40 0x01 0x31 0x00 0x09 0x24</data>
    <funcstart label="qsort" validcode="function"/>
  </pattern>

  <pattern>
    <data>0xa0 0x00 0x0a 0x24 0x08 0x00 0x40 0x01 0x32 0x00 0x09 0x24</data>
    <funcstart label="strtod" validcode="function"/>
  </pattern>

  <pattern>
    <data>0xa0 0x00 0x0a 0x24 0x08 0x00 0x40 0x01 0x33 0x00 0x09 0x24</data>
    <funcstart label="malloc" validcode="function"/>
  </pattern>

  <pattern>
    <data>0xa0 0x00 0x0a 0x24 0x08 0x00 0x40 0x01 0x34 0x00 0x09 0x24</data>
    <funcstart label="free" validcode="function"/>
  </pattern>

  <pattern>
    <data>0xa0 0x00 0x0a 0x24 0x08 0x00 0x40 0x01 0x35 0x00 0x09 0x24</data>
    <funcstart label="lsearch" validcode="function"/>
  </pattern>

  <pattern>
    <data>0xa0 0x00 0x0a 0x24 0x08 0x00 0x40 0x01 0x36 0x00 0x09 0x24</data>
    <funcstart label="bsearch" validcode="function"/>
  </pattern>

  <pattern>
    <data>0xa0 0x00 0x0a 0x24 0x08 0x00 0x40 0x01 0x37 0x00 0x09 0x24</data>
    <funcstart label="calloc" validcode="function"/>
  </pattern>

  <pattern>
    <data>0xa0 0x00 0x0a 0x24 0x08 0x00 0x40 0x01 0x38 0x00 0x09 0x24</data>
    <funcstart label="realloc" validcode="function"/>
  </pattern>

  <pattern>
    <data>0xa0 0x00 0x0a 0x24 0x08 0x00 0x40 0x01 0x39 0x00 0x09 0x24</data>
    <funcstart label="InitHeap" validcode="function"/>
  </pattern>

  <pattern>
    <data>0xa0 0x00 0x0a 0x24 0x08 0x00 0x40 0x01 0x3a 0x00 0x09 0x24</data>
    <funcstart label="SystemErrorExit" validcode="function"/>
  </pattern>

  <pattern>
    <data>0xa0 0x00 0x0a 0x24 0x08 0x00 0x40 0x01 0x3b 0x00 0x09 0x24</data>
    <funcstart label="std_in_getchar" validcode="function"/>
  </pattern>

  <pattern>
    <data>0xa0 0x00 0x0a 0x24 0x08 0x00 0x40 0x01 0x3c 0x00 0x09 0x24</data>
    <funcstart label="std_out_putchar" validcode="function"/>
  </pattern>

  <pattern>
    <data>0xa0 0x00 0x0a 0x24 0x08 0x00 0x40 0x01 0x3d 0x00 0x09 0x24</data>
    <funcstart label="std_in_gets" validcode="function"/>
  </pattern>

  <pattern>
    <data>0xa0 0x00 0x0a 0x24 0x08 0x00 0x40 0x01 0x3e 0x00 0x09 0x24</data>
    <funcstart label="std_out_puts" validcode="function"/>
  </pattern>

  <pattern>
    <data>0xa0 0x00 0x0a 0x24 0x08 0x00 0x40 0x01 0x3f 0x00 0x09 0x24</data>
    <funcstart label="printf" validcode="function"/>
  </pattern>

  <pattern>
    <data>0xa0 0x00 0x0a 0x24 0x08 0x00 0x40 0x01 0x40 0x00 0x09 0x24</data>
    <funcstart label="SystemErrorUnresolvedException" validcode="function"/>
  </pattern>

  <pattern>
    <data>0xa0 0x00 0x0a 0x24 0x08 0x00 0x40 0x01 0x41 0x00 0x09 0x24</data>
    <funcstart label="LoadExeHeader" validcode="function"/>
  </pattern>

  <pattern>
    <data>0xa0 0x00 0x0a 0x24 0x08 0x00 0x40 0x01 0x42 0x00 0x09 0x24</data>
    <funcstart label="LoadExeFile" validcode="function"/>
  </pattern>

  <pattern>
    <data>0xa0 0x00 0x0a 0x24 0x08 0x00 0x40 0x01 0x43 0x00 0x09 0x24</data>
    <funcstart label="DoExecute" validcode="function"/>
  </pattern>

  <pattern>
    <data>0xa0 0x00 0x0a 0x24 0x08 0x00 0x40 0x01 0x44 0x00 0x09 0x24</data>
    <funcstart label="FlushCache" validcode="function"/>
  </pattern>

  <pattern>
    <data>0xa0 0x00 0x0a 0x24 0x08 0x00 0x40 0x01 0x45 0x00 0x09 0x24</data>
    <funcstart label="init_a0_b0_c0_vectors" validcode="function"/>
  </pattern>

  <pattern>
    <data>0xa0 0x00 0x0a 0x24 0x08 0x00 0x40 0x01 0x46 0x00 0x09 0x24</data>
    <funcstart label="GPU_dw" validcode="function"/>
  </pattern>

  <pattern>
    <data>0xa0 0x00 0x0a 0x24 0x08 0x00 0x40 0x01 0x47 0x00 0x09 0x24</data>
    <funcstart label="gpu_send_dma" validcode="function"/>
  </pattern>

  <pattern>
    <data>0xa0 0x00 0x0a 0x24 0x08 0x00 0x40 0x01 0x48 0x00 0x09 0x24</data>
    <funcstart label="SendGP1Command" validcode="function"/>
  </pattern>

  <pattern>
    <data>0xa0 0x00 0x0a 0x24 0x08 0x00 0x40 0x01 0x49 0x00 0x09 0x24</data>
    <funcstart label="GPU_cw" validcode="function"/>
  </pattern>

  <pattern>
    <data>0xa0 0x00 0x0a 0x24 0x08 0x00 0x40 0x01 0x4a 0x00 0x09 0x24</data>
    <funcstart label="GPU_cwp" validcode="function"/>
  </pattern>

  <pattern>
    <data>0xa0 0x00 0x0a 0x24 0x08 0x00 0x40 0x01 0x4b 0x00 0x09 0x24</data>
    <funcstart label="send_gpu_linked_list" validcode="function"/>
  </pattern>

  <pattern>
    <data>0xa0 0x00 0x0a 0x24 0x08 0x00 0x40 0x01 0x4c 0x00 0x09 0x24</data>
    <funcstart label="gpu_abort_dma" validcode="function"/>
  </pattern>

  <pattern>
    <data>0xa0 0x00 0x0a 0x24 0x08 0x00 0x40 0x01 0x4d 0x00 0x09 0x24</data>
    <funcstart label="GetGPUStatus" validcode="function"/>
  </pattern>

  <pattern>
    <data>0xa0 0x00 0x0a 0x24 0x08 0x00 0x40 0x01 0x4e 0x00 0x09 0x24</data>
    <funcstart label="gpu_sync" validcode="function"/>
  </pattern>

  <pattern>
    <data>0xa0 0x00 0x0a 0x24 0x08 0x00 0x40 0x01 0x4f 0x00 0x09 0x24</data>
    <funcstart label="SystemError" validcode="function"/>
  </pattern>

  <pattern>
    <data>0xa0 0x00 0x0a 0x24 0x08 0x00 0x40 0x01 0x50 0x00 0x09 0x24</data>
    <funcstart label="SystemError" validcode="function"/>
  </pattern>

  <pattern>
    <data>0xa0 0x00 0x0a 0x24 0x08 0x00 0x40 0x01 0x51 0x00 0x09 0x24</data>
    <funcstart label="LoadAndExecute" validcode="function"/>
  </pattern>

  <pattern>
    <data>0xa0 0x00 0x0a 0x24 0x08 0x00 0x40 0x01 0x52 0x00 0x09 0x24</data>
    <funcstart label="SystemError" validcode="function"/>
  </pattern>

  <pattern>
    <data>0xa0 0x00 0x0a 0x24 0x08 0x00 0x40 0x01 0x53 0x00 0x09 0x24</data>
    <funcstart label="SystemError" validcode="function"/>
  </pattern>

  <pattern>
    <data>0xa0 0x00 0x0a 0x24 0x08 0x00 0x40 0x01 0x54 0x00 0x09 0x24</data>
    <funcstart label="CdInit" validcode="function"/>
  </pattern>

  <pattern>
    <data>0xa0 0x00 0x0a 0x24 0x08 0x00 0x40 0x01 0x55 0x00 0x09 0x24</data>
    <funcstart label="_bu_init" validcode="function"/>
  </pattern>

  <pattern>
    <data>0xa0 0x00 0x0a 0x24 0x08 0x00 0x40 0x01 0x56 0x00 0x09 0x24</data>
    <funcstart label="CdRemove" validcode="function"/>
  </pattern>

  <pattern>
    <data>0xa0 0x00 0x0a 0x24 0x08 0x00 0x40 0x01 0x57 0x00 0x09 0x24</data>
    <funcstart label="syscall_a0_57" validcode="function"/>
  </pattern>

  <pattern>
    <data>0xa0 0x00 0x0a 0x24 0x08 0x00 0x40 0x01 0x58 0x00 0x09 0x24</data>
    <funcstart label="syscall_a0_58" validcode="function"/>
  </pattern>

  <pattern>
    <data>0xa0 0x00 0x0a 0x24 0x08 0x00 0x40 0x01 0x59 0x00 0x09 0x24</data>
    <funcstart label="syscall_a0_59" validcode="function"/>
  </pattern>

  <pattern>
    <data>0xa0 0x00 0x0a 0x24 0x08 0x00 0x40 0x01 0x5a 0x00 0x09 0x24</data>
    <funcstart label="syscall_a0_5a" validcode="function"/>
  </pattern>

  <pattern>
    <data>0xa0 0x00 0x0a 0x24 0x08 0x00 0x40 0x01 0x5b 0x00 0x09 0x24</data>
    <funcstart label="dev_tty_init" validcode="function"/>
  </pattern>

  <pattern>
    <data>0xa0 0x00 0x0a 0x24 0x08 0x00 0x40 0x01 0x5c 0x00 0x09 0x24</data>
    <funcstart label="dev_tty_open" validcode="function"/>
  </pattern>

  <pattern>
    <data>0xa0 0x00 0x0a 0x24 0x08 0x00 0x40 0x01 0x5d 0x00 0x09 0x24</data>
    <funcstart label="dev_tty_in_out" validcode="function"/>
  </pattern>

  <pattern>
    <data>0xa0 0x00 0x0a 0x24 0x08 0x00 0x40 0x01 0x5e 0x00 0x09 0x24</data>
    <funcstart label="dev_tty_ioctl" validcode="function"/>
  </pattern>

  <pattern>
    <data>0xa0 0x00 0x0a 0x24 0x08 0x00 0x40 0x01 0x5f 0x00 0x09 0x24</data>
    <funcstart label="dev_cd_open" validcode="function"/>
  </pattern>

  <pattern>
    <data>0xa0 0x00 0x0a 0x24 0x08 0x00 0x40 0x01 0x60 0x00 0x09 0x24</data>
    <funcstart label="dev_cd_read" validcode="function"/>
  </pattern>

  <pattern>
    <data>0xa0 0x00 0x0a 0x24 0x08 0x00 0x40 0x01 0x61 0x00 0x09 0x24</data>
    <funcstart label="dev_cd_close" validcode="function"/>
  </pattern>

  <pattern>
    <data>0xa0 0x00 0x0a 0x24 0x08 0x00 0x40 0x01 0x62 0x00 0x09 0x24</data>
    <funcstart label="dev_cd_firstfile" validcode="function"/>
  </pattern>

  <pattern>
    <data>0xa0 0x00 0x0a 0x24 0x08 0x00 0x40 0x01 0x63 0x00 0x09 0x24</data>
    <funcstart label="dev_cd_nextfile" validcode="function"/>
  </pattern>

  <pattern>
    <data>0xa0 0x00 0x0a 0x24 0x08 0x00 0x40 0x01 0x64 0x00 0x09 0x24</data>
    <funcstart label="dev_cd_chdir" validcode="function"/>
  </pattern>

  <pattern>
    <data>0xa0 0x00 0x0a 0x24 0x08 0x00 0x40 0x01 0x65 0x00 0x09 0x24</data>
    <funcstart label="dev_card_open" validcode="function"/>
  </pattern>

  <pattern>
    <data>0xa0 0x00 0x0a 0x24 0x08 0x00 0x40 0x01 0x66 0x00 0x09 0x24</data>
    <funcstart label="dev_card_read" validcode="function"/>
  </pattern>

  <pattern>
    <data>0xa0 0x00 0x0a 0x24 0x08 0x00 0x40 0x01 0x67 0x00 0x09 0x24</data>
    <funcstart label="dev_card_write" validcode="function"/>
  </pattern>

  <pattern>
    <data>0xa0 0x00 0x0a 0x24 0x08 0x00 0x40 0x01 0x68 0x00 0x09 0x24</data>
    <funcstart label="dev_card_close" validcode="function"/>
  </pattern>

  <pattern>
    <data>0xa0 0x00 0x0a 0x24 0x08 0x00 0x40 0x01 0x69 0x00 0x09 0x24</data>
    <funcstart label="dev_card_firstfile" validcode="function"/>
  </pattern>

  <pattern>
    <data>0xa0 0x00 0x0a 0x24 0x08 0x00 0x40 0x01 0x6a 0x00 0x09 0x24</data>
    <funcstart label="dev_card_nextfile" validcode="function"/>
  </pattern>

  <pattern>
    <data>0xa0 0x00 0x0a 0x24 0x08 0x00 0x40 0x01 0x6b 0x00 0x09 0x24</data>
    <funcstart label="dev_card_erase" validcode="function"/>
  </pattern>

  <pattern>
    <data>0xa0 0x00 0x0a 0x24 0x08 0x00 0x40 0x01 0x6c 0x00 0x09 0x24</data>
    <funcstart label="dev_card_undelete" validcode="function"/>
  </pattern>

  <pattern>
    <data>0xa0 0x00 0x0a 0x24 0x08 0x00 0x40 0x01 0x6d 0x00 0x09 0x24</data>
    <funcstart label="dev_card_format" validcode="function"/>
  </pattern>

  <pattern>
    <data>0xa0 0x00 0x0a 0x24 0x08 0x00 0x40 0x01 0x6e 0x00 0x09 0x24</data>
    <funcstart label="dev_card_rename" validcode="function"/>
  </pattern>

  <pattern>
    <data>0xa0 0x00 0x0a 0x24 0x08 0x00 0x40 0x01 0x6f 0x00 0x09 0x24</data>
    <funcstart label="syscall_a0_6f" validcode="function"/>
  </pattern>

  <pattern>
    <data>0xa0 0x00 0x0a 0x24 0x08 0x00 0x40 0x01 0x70 0x00 0x09 0x24</data>
    <funcstart label="_bu_init" validcode="function"/>
  </pattern>

  <pattern>
    <data>0xa0 0x00 0x0a 0x24 0x08 0x00 0x40 0x01 0x71 0x00 0x09 0x24</data>
    <funcstart label="CdInit" validcode="function"/>
  </pattern>

  <pattern>
    <data>0xa0 0x00 0x0a 0x24 0x08 0x00 0x40 0x01 0x72 0x00 0x09 0x24</data>
    <funcstart label="CdRemove" validcode="function"/>
  </pattern>

  <pattern>
    <data>0xa0 0x00 0x0a 0x24 0x08 0x00 0x40 0x01 0x73 0x00 0x09 0x24</data>
    <funcstart label="syscall_a0_73" validcode="function"/>
  </pattern>

  <pattern>
    <data>0xa0 0x00 0x0a 0x24 0x08 0x00 0x40 0x01 0x74 0x00 0x09 0x24</data>
    <funcstart label="syscall_a0_74" validcode="function"/>
  </pattern>

  <pattern>
    <data>0xa0 0x00 0x0a 0x24 0x08 0x00 0x40 0x01 0x75 0x00 0x09 0x24</data>
    <funcstart label="syscall_a0_75" validcode="function"/>
  </pattern>

  <pattern>
    <data>0xa0 0x00 0x0a 0x24 0x08 0x00 0x40 0x01 0x76 0x00 0x09 0x24</data>
    <funcstart label="syscall_a0_76" validcode="function"/>
  </pattern>

  <pattern>
    <data>0xa0 0x00 0x0a 0x24 0x08 0x00 0x40 0x01 0x77 0x00 0x09 0x24</data>
    <funcstart label="syscall_a0_77" validcode="function"/>
  </pattern>

  <pattern>
    <data>0xa0 0x00 0x0a 0x24 0x08 0x00 0x40 0x01 0x78 0x00 0x09 0x24</data>
    <funcstart label="CdAsyncSeekL" validcode="function"/>
  </pattern>

  <pattern>
    <data>0xa0 0x00 0x0a 0x24 0x08 0x00 0x40 0x01 0x79 0x00 0x09 0x24</data>
    <funcstart label="syscall_a0_79" validcode="function"/>
  </pattern>

  <pattern>
    <data>0xa0 0x00 0x0a 0x24 0x08 0x00 0x40 0x01 0x7a 0x00 0x09 0x24</data>
    <funcstart label="syscall_a0_7a" validcode="function"/>
  </pattern>

  <pattern>
    <data>0xa0 0x00 0x0a 0x24 0x08 0x00 0x40 0x01 0x7b 0x00 0x09 0x24</data>
    <funcstart label="syscall_a0_7b" validcode="function"/>
  </pattern>

  <pattern>
    <data>0xa0 0x00 0x0a 0x24 0x08 0x00 0x40 0x01 0x7c 0x00 0x09 0x24</data>
    <funcstart label="CdAsyncGetStatus" validcode="function"/>
  </pattern>

  <pattern>
    <data>0xa0 0x00 0x0a 0x24 0x08 0x00 0x40 0x01 0x7d 0x00 0x09 0x24</data>
    <funcstart label="syscall_a0_7d" validcode="function"/>
  </pattern>

  <pattern>
    <data>0xa0 0x00 0x0a 0x24 0x08 0x00 0x40 0x01 0x7e 0x00 0x09 0x24</data>
    <funcstart label="CdAsyncReadSector" validcode="function"/>
  </pattern>

  <pattern>
    <data>0xa0 0x00 0x0a 0x24 0x08 0x00 0x40 0x01 0x7f 0x00 0x09 0x24</data>
    <funcstart label="syscall_a0_7f" validcode="function"/>
  </pattern>

  <pattern>
    <data>0xa0 0x00 0x0a 0x24 0x08 0x00 0x40 0x01 0x80 0x00 0x09 0x24</data>
    <funcstart label="syscall_a0_80" validcode="function"/>
  </pattern>

  <pattern>
    <data>0xa0 0x00 0x0a 0x24 0x08 0x00 0x40 0x01 0x81 0x00 0x09 0x24</data>
    <funcstart label="CdAsyncSetMode" validcode="function"/>
  </pattern>

  <pattern>
    <data>0xa0 0x00 0x0a 0x24 0x08 0x00 0x40 0x01 0x82 0x00 0x09 0x24</data>
    <funcstart label="syscall_a0_82" validcode="function"/>
  </pattern>

  <pattern>
    <data>0xa0 0x00 0x0a 0x24 0x08 0x00 0x40 0x01 0x83 0x00 0x09 0x24</data>
    <funcstart label="syscall_a0_83" validcode="function"/>
  </pattern>

  <pattern>
    <data>0xa0 0x00 0x0a 0x24 0x08 0x00 0x40 0x01 0x84 0x00 0x09 0x24</data>
    <funcstart label="syscall_a0_84" validcode="function"/>
  </pattern>

  <pattern>
    <data>0xa0 0x00 0x0a 0x24 0x08 0x00 0x40 0x01 0x85 0x00 0x09 0x24</data>
    <funcstart label="syscall_a0_85" validcode="function"/>
  </pattern>

  <pattern>
    <data>0xa0 0x00 0x0a 0x24 0x08 0x00 0x40 0x01 0x86 0x00 0x09 0x24</data>
    <funcstart label="syscall_a0_86" validcode="function"/>
  </pattern>

  <pattern>
    <data>0xa0 0x00 0x0a 0x24 0x08 0x00 0x40 0x01 0x87 0x00 0x09 0x24</data>
    <funcstart label="syscall_a0_87" validcode="function"/>
  </pattern>

  <pattern>
    <data>0xa0 0x00 0x0a 0x24 0x08 0x00 0x40 0x01 0x88 0x00 0x09 0x24</data>
    <funcstart label="syscall_a0_88" validcode="function"/>
  </pattern>

  <pattern>
    <data>0xa0 0x00 0x0a 0x24 0x08 0x00 0x40 0x01 0x89 0x00 0x09 0x24</data>
    <funcstart label="syscall_a0_89" validcode="function"/>
  </pattern>

  <pattern>
    <data>0xa0 0x00 0x0a 0x24 0x08 0x00 0x40 0x01 0x8a 0x00 0x09 0x24</data>
    <funcstart label="syscall_a0_8a" validcode="function"/>
  </pattern>

  <pattern>
    <data>0xa0 0x00 0x0a 0x24 0x08 0x00 0x40 0x01 0x8b 0x00 0x09 0x24</data>
    <funcstart label="syscall_a0_8b" validcode="function"/>
  </pattern>

  <pattern>
    <data>0xa0 0x00 0x0a 0x24 0x08 0x00 0x40 0x01 0x8c 0x00 0x09 0x24</data>
    <funcstart label="syscall_a0_8c" validcode="function"/>
  </pattern>

  <pattern>
    <data>0xa0 0x00 0x0a 0x24 0x08 0x00 0x40 0x01 0x8d 0x00 0x09 0x24</data>
    <funcstart label="syscall_a0_8d" validcode="function"/>
  </pattern>

  <pattern>
    <data>0xa0 0x00 0x0a 0x24 0x08 0x00 0x40 0x01 0x8e 0x00 0x09 0x24</data>
    <funcstart label="syscall_a0_8e" validcode="function"/>
  </pattern>

  <pattern>
    <data>0xa0 0x00 0x0a 0x24 0x08 0x00 0x40 0x01 0x8f 0x00 0x09 0x24</data>
    <funcstart label="syscall_a0_8f" validcode="function"/>
  </pattern>

  <pattern>
    <data>0xa0 0x00 0x0a 0x24 0x08 0x00 0x40 0x01 0x90 0x00 0x09 0x24</data>
    <funcstart label="CdromIoIrqFunc1" validcode="function"/>
  </pattern>

  <pattern>
    <data>0xa0 0x00 0x0a 0x24 0x08 0x00 0x40 0x01 0x91 0x00 0x09 0x24</data>
    <funcstart label="CdromDmaIrqFunc1" validcode="function"/>
  </pattern>

  <pattern>
    <data>0xa0 0x00 0x0a 0x24 0x08 0x00 0x40 0x01 0x92 0x00 0x09 0x24</data>
    <funcstart label="CdromIoIrqFunc2" validcode="function"/>
  </pattern>

  <pattern>
    <data>0xa0 0x00 0x0a 0x24 0x08 0x00 0x40 0x01 0x93 0x00 0x09 0x24</data>
    <funcstart label="CdromDmaIrqFunc2" validcode="function"/>
  </pattern>

  <pattern>
    <data>0xa0 0x00 0x0a 0x24 0x08 0x00 0x40 0x01 0x94 0x00 0x09 0x24</data>
    <funcstart label="CdromGetInt5errCode" validcode="function"/>
  </pattern>

  <pattern>
    <data>0xa0 0x00 0x0a 0x24 0x08 0x00 0x40 0x01 0x95 0x00 0x09 0x24</data>
    <funcstart label="CdInitSubFunc" validcode="function"/>
  </pattern>

  <pattern>
    <data>0xa0 0x00 0x0a 0x24 0x08 0x00 0x40 0x01 0x96 0x00 0x09 0x24</data>
    <funcstart label="AddCDROMDevice" validcode="function"/>
  </pattern>

  <pattern>
    <data>0xa0 0x00 0x0a 0x24 0x08 0x00 0x40 0x01 0x97 0x00 0x09 0x24</data>
    <funcstart label="AddMemCardDevice" validcode="function"/>
  </pattern>

  <pattern>
    <data>0xa0 0x00 0x0a 0x24 0x08 0x00 0x40 0x01 0x98 0x00 0x09 0x24</data>
    <funcstart label="AddDuartTtyDevice" validcode="function"/>
  </pattern>

  <pattern>
    <data>0xa0 0x00 0x0a 0x24 0x08 0x00 0x40 0x01 0x99 0x00 0x09 0x24</data>
    <funcstart label="AddDummyTtyDevice" validcode="function"/>
  </pattern>

  <pattern>
    <data>0xa0 0x00 0x0a 0x24 0x08 0x00 0x40 0x01 0x9a 0x00 0x09 0x24</data>
    <funcstart label="SystemError" validcode="function"/>
  </pattern>

  <pattern>
    <data>0xa0 0x00 0x0a 0x24 0x08 0x00 0x40 0x01 0x9b 0x00 0x09 0x24</data>
    <funcstart label="SystemError" validcode="function"/>
  </pattern>

  <pattern>
    <data>0xa0 0x00 0x0a 0x24 0x08 0x00 0x40 0x01 0x9c 0x00 0x09 0x24</data>
    <funcstart label="SetConf" validcode="function"/>
  </pattern>

  <pattern>
    <data>0xa0 0x00 0x0a 0x24 0x08 0x00 0x40 0x01 0x9d 0x00 0x09 0x24</data>
    <funcstart label="GetConf" validcode="function"/>
  </pattern>

  <pattern>
    <data>0xa0 0x00 0x0a 0x24 0x08 0x00 0x40 0x01 0x9e 0x00 0x09 0x24</data>
    <funcstart label="SetCdromIrqAutoAbort" validcode="function"/>
  </pattern>

  <pattern>
    <data>0xa0 0x00 0x0a 0x24 0x08 0x00 0x40 0x01 0x9f 0x00 0x09 0x24</data>
    <funcstart label="SetMemSize" validcode="function"/>
  </pattern>

  <pattern>
    <data>0xa0 0x00 0x0a 0x24 0x08 0x00 0x40 0x01 0xa0 0x00 0x09 0x24</data>
    <funcstart label="WarmBoot" validcode="function"/>
  </pattern>

  <pattern>
    <data>0xa0 0x00 0x0a 0x24 0x08 0x00 0x40 0x01 0xa1 0x00 0x09 0x24</data>
    <funcstart label="SystemErrorBootOrDiskFailure" validcode="function"/>
  </pattern>

  <pattern>
    <data>0xa0 0x00 0x0a 0x24 0x08 0x00 0x40 0x01 0xa2 0x00 0x09 0x24</data>
    <funcstart label="EnqueueCdIntr" validcode="function"/>
  </pattern>

  <pattern>
    <data>0xa0 0x00 0x0a 0x24 0x08 0x00 0x40 0x01 0xa3 0x00 0x09 0x24</data>
    <funcstart label="DequeueCdIntr" validcode="function"/>
  </pattern>

  <pattern>
    <data>0xa0 0x00 0x0a 0x24 0x08 0x00 0x40 0x01 0xa4 0x00 0x09 0x24</data>
    <funcstart label="CdGetLbn" validcode="function"/>
  </pattern>

  <pattern>
    <data>0xa0 0x00 0x0a 0x24 0x08 0x00 0x40 0x01 0xa5 0x00 0x09 0x24</data>
    <funcstart label="CdReadSector" validcode="function"/>
  </pattern>

  <pattern>
    <data>0xa0 0x00 0x0a 0x24 0x08 0x00 0x40 0x01 0xa6 0x00 0x09 0x24</data>
    <funcstart label="CdGetStatus" validcode="function"/>
  </pattern>

  <pattern>
    <data>0xa0 0x00 0x0a 0x24 0x08 0x00 0x40 0x01 0xa7 0x00 0x09 0x24</data>
    <funcstart label="bu_callback_okay" validcode="function"/>
  </pattern>

  <pattern>
    <data>0xa0 0x00 0x0a 0x24 0x08 0x00 0x40 0x01 0xa8 0x00 0x09 0x24</data>
    <funcstart label="bu_callback_err_write" validcode="function"/>
  </pattern>

  <pattern>
    <data>0xa0 0x00 0x0a 0x24 0x08 0x00 0x40 0x01 0xa9 0x00 0x09 0x24</data>
    <funcstart label="bu_callback_err_busy" validcode="function"/>
  </pattern>

  <pattern>
    <data>0xa0 0x00 0x0a 0x24 0x08 0x00 0x40 0x01 0xaa 0x00 0x09 0x24</data>
    <funcstart label="bu_callback_err_eject" validcode="function"/>
  </pattern>

  <pattern>
    <data>0xa0 0x00 0x0a 0x24 0x08 0x00 0x40 0x01 0xab 0x00 0x09 0x24</data>
    <funcstart label="_card_info" validcode="function"/>
  </pattern>

  <pattern>
    <data>0xa0 0x00 0x0a 0x24 0x08 0x00 0x40 0x01 0xac 0x00 0x09 0x24</data>
    <funcstart label="_card_async_load_directory" validcode="function"/>
  </pattern>

  <pattern>
    <data>0xa0 0x00 0x0a 0x24 0x08 0x00 0x40 0x01 0xad 0x00 0x09 0x24</data>
    <funcstart label="set_card_auto_format" validcode="function"/>
  </pattern>

  <pattern>
    <data>0xa0 0x00 0x0a 0x24 0x08 0x00 0x40 0x01 0xae 0x00 0x09 0x24</data>
    <funcstart label="bu_callback_err_prev_write" validcode="function"/>
  </pattern>

  <pattern>
    <data>0xa0 0x00 0x0a 0x24 0x08 0x00 0x40 0x01 0xaf 0x00 0x09 0x24</data>
    <funcstart label="card_write_test" validcode="function"/>
  </pattern>

  <pattern>
    <data>0xa0 0x00 0x0a 0x24 0x08 0x00 0x40 0x01 0xb0 0x00 0x09 0x24</data>
    <funcstart label="syscall_a0_b0" validcode="function"/>
  </pattern>

  <pattern>
    <data>0xa0 0x00 0x0a 0x24 0x08 0x00 0x40 0x01 0xb1 0x00 0x09 0x24</data>
    <funcstart label="syscall_a0_b1" validcode="function"/>
  </pattern>

  <pattern>
    <data>0xa0 0x00 0x0a 0x24 0x08 0x00 0x40 0x01 0xb2 0x00 0x09 0x24</data>
    <funcstart label="ioabort_raw" validcode="function"/>
  </pattern>

  <pattern>
    <data>0xa0 0x00 0x0a 0x24 0x08 0x00 0x40 0x01 0xb3 0x00 0x09 0x24</data>
    <funcstart label="syscall_a0_b3" validcode="function"/>
  </pattern>

  <pattern>
    <data>0xa0 0x00 0x0a 0x24 0x08 0x00 0x40 0x01 0xb4 0x00 0x09 0x24</data>
    <funcstart label="GetSystemInfo" validcode="function"/>
  </pattern>

  <pattern>
    <data>0xa0 0x00 0x0a 0x24 0x08 0x00 0x40 0x01 0xb5 0x00 0x09 0x24</data>
    <funcstart label="syscall_a0_b5" validcode="function"/>
  </pattern>

  <pattern>
    <data>0xa0 0x00 0x0a 0x24 0x08 0x00 0x40 0x01 0xb6 0x00 0x09 0x24</data>
    <funcstart label="syscall_a0_b6" validcode="function"/>
  </pattern>

  <pattern>
    <data>0xa0 0x00 0x0a 0x24 0x08 0x00 0x40 0x01 0xb7 0x00 0x09 0x24</data>
    <funcstart label="syscall_a0_b7" validcode="function"/>
  </pattern>

  <pattern>
    <data>0xa0 0x00 0x0a 0x24 0x08 0x00 0x40 0x01 0xb8 0x00 0x09 0x24</data>
    <funcstart label="syscall_a0_b8" validcode="function"/>
  </pattern>

  <pattern>
    <data>0xa0 0x00 0x0a 0x24 0x08 0x00 0x40 0x01 0xb9 0x00 0x09 0x24</data>
    <funcstart label="syscall_a0_b9" validcode="function"/>
  </pattern>

  <pattern>
    <data>0xa0 0x00 0x0a 0x24 0x08 0x00 0x40 0x01 0xba 0x00 0x09 0x24</data>
    <funcstart label="syscall_a0_ba" validcode="function"/>
  </pattern>

  <pattern>
    <data>0xa0 0x00 0x0a 0x24 0x08 0x00 0x40 0x01 0xbb 0x00 0x09 0x24</data>
    <funcstart label="syscall_a0_bb" validcode="function"/>
  </pattern>

  <pattern>
    <data>0xa0 0x00 0x0a 0x24 0x08 0x00 0x40 0x01 0xbc 0x00 0x09 0x24</data>
    <funcstart label="syscall_a0_bc" validcode="function"/>
  </pattern>

  <pattern>
    <data>0xa0 0x00 0x0a 0x24 0x08 0x00 0x40 0x01 0xbd 0x00 0x09 0x24</data>
    <funcstart label="syscall_a0_bd" validcode="function"/>
  </pattern>

  <pattern>
    <data>0xa0 0x00 0x0a 0x24 0x08 0x00 0x40 0x01 0xbe 0x00 0x09 0x24</data>
    <funcstart label="syscall_a0_be" validcode="function"/>
  </pattern>

  <pattern>
    <data>0xa0 0x00 0x0a 0x24 0x08 0x00 0x40 0x01 0xbe 0x00 0x09 0x24</data>
    <funcstart label="syscall_a0_bf" validcode="function"/>
  </pattern>

  <pattern>
    <data>0xb0 0x00 0x0a 0x24 0x08 0x00 0x40 0x01 0x00 0x00 0x09 0x24</data>
    <funcstart label="alloc_kernel_memory" validcode="function"/>
  </pattern>

  <pattern>
    <data>0xb0 0x00 0x0a 0x24 0x08 0x00 0x40 0x01 0x01 0x00 0x09 0x24</data>
    <funcstart label="free_kernel_memory" validcode="function"/>
  </pattern>

  <pattern>
    <data>0xb0 0x00 0x0a 0x24 0x08 0x00 0x40 0x01 0x02 0x00 0x09 0x24</data>
    <funcstart label="init_timer" validcode="function"/>
  </pattern>

  <pattern>
    <data>0xb0 0x00 0x0a 0x24 0x08 0x00 0x40 0x01 0x03 0x00 0x09 0x24</data>
    <funcstart label="get_timer" validcode="function"/>
  </pattern>

  <pattern>
    <data>0xb0 0x00 0x0a 0x24 0x08 0x00 0x40 0x01 0x04 0x00 0x09 0x24</data>
    <funcstart label="enable_timer_irq" validcode="function"/>
  </pattern>

  <pattern>
    <data>0xb0 0x00 0x0a 0x24 0x08 0x00 0x40 0x01 0x05 0x00 0x09 0x24</data>
    <funcstart label="disable_timer_irq" validcode="function"/>
  </pattern>

  <pattern>
    <data>0xb0 0x00 0x0a 0x24 0x08 0x00 0x40 0x01 0x06 0x00 0x09 0x24</data>
    <funcstart label="restart_timer" validcode="function"/>
  </pattern>

  <pattern>
    <data>0xb0 0x00 0x0a 0x24 0x08 0x00 0x40 0x01 0x07 0x00 0x09 0x24</data>
    <funcstart label="DeliverEvent" validcode="function"/>
  </pattern>

  <pattern>
    <data>0xb0 0x00 0x0a 0x24 0x08 0x00 0x40 0x01 0x08 0x00 0x09 0x24</data>
    <funcstart label="OpenEvent" validcode="function"/>
  </pattern>

  <pattern>
    <data>0xb0 0x00 0x0a 0x24 0x08 0x00 0x40 0x01 0x09 0x00 0x09 0x24</data>
    <funcstart label="CloseEvent" validcode="function"/>
  </pattern>

  <pattern>
    <data>0xb0 0x00 0x0a 0x24 0x08 0x00 0x40 0x01 0x0a 0x00 0x09 0x24</data>
    <funcstart label="WaitEvent" validcode="function"/>
  </pattern>

  <pattern>
    <data>0xb0 0x00 0x0a 0x24 0x08 0x00 0x40 0x01 0x0b 0x00 0x09 0x24</data>
    <funcstart label="TestEvent" validcode="function"/>
  </pattern>

  <pattern>
    <data>0xb0 0x00 0x0a 0x24 0x08 0x00 0x40 0x01 0x0c 0x00 0x09 0x24</data>
    <funcstart label="EnableEvent" validcode="function"/>
  </pattern>

  <pattern>
    <data>0xb0 0x00 0x0a 0x24 0x08 0x00 0x40 0x01 0x0d 0x00 0x09 0x24</data>
    <funcstart label="DisableEvent" validcode="function"/>
  </pattern>

  <pattern>
    <data>0xb0 0x00 0x0a 0x24 0x08 0x00 0x40 0x01 0x0e 0x00 0x09 0x24</data>
    <funcstart label="OpenThread" validcode="function"/>
  </pattern>

  <pattern>
    <data>0xb0 0x00 0x0a 0x24 0x08 0x00 0x40 0x01 0x0f 0x00 0x09 0x24</data>
    <funcstart label="CloseThread" validcode="function"/>
  </pattern>

  <pattern>
    <data>0xb0 0x00 0x0a 0x24 0x08 0x00 0x40 0x01 0x10 0x00 0x09 0x24</data>
    <funcstart label="ChangeThread" validcode="function"/>
  </pattern>

  <pattern>
    <data>0xb0 0x00 0x0a 0x24 0x08 0x00 0x40 0x01 0x11 0x00 0x09 0x24</data>
    <funcstart label="jump_to_00000000h" validcode="function"/>
  </pattern>

  <pattern>
    <data>0xb0 0x00 0x0a 0x24 0x08 0x00 0x40 0x01 0x12 0x00 0x09 0x24</data>
    <funcstart label="InitPad" validcode="function"/>
  </pattern>

  <pattern>
    <data>0xb0 0x00 0x0a 0x24 0x08 0x00 0x40 0x01 0x13 0x00 0x09 0x24</data>
    <funcstart label="StartPad" validcode="function"/>
  </pattern>

  <pattern>
    <data>0xb0 0x00 0x0a 0x24 0x08 0x00 0x40 0x01 0x14 0x00 0x09 0x24</data>
    <funcstart label="StopPad" validcode="function"/>
  </pattern>

  <pattern>
    <data>0xb0 0x00 0x0a 0x24 0x08 0x00 0x40 0x01 0x15 0x00 0x09 0x24</data>
    <funcstart label="OutdatedPadInitAndStart" validcode="function"/>
  </pattern>

  <pattern>
    <data>0xb0 0x00 0x0a 0x24 0x08 0x00 0x40 0x01 0x16 0x00 0x09 0x24</data>
    <funcstart label="OutdatedPadGetButtons" validcode="function"/>
  </pattern>

  <pattern>
    <data>0xb0 0x00 0x0a 0x24 0x08 0x00 0x40 0x01 0x17 0x00 0x09 0x24</data>
    <funcstart label="ReturnFromException" validcode="function"/>
  </pattern>

  <pattern>
    <data>0xb0 0x00 0x0a 0x24 0x08 0x00 0x40 0x01 0x18 0x00 0x09 0x24</data>
    <funcstart label="SetDefaultExitFromException" validcode="function"/>
  </pattern>

  <pattern>
    <data>0xb0 0x00 0x0a 0x24 0x08 0x00 0x40 0x01 0x19 0x00 0x09 0x24</data>
    <funcstart label="SetCustomExitFromException" validcode="function"/>
  </pattern>

  <pattern>
    <data>0xb0 0x00 0x0a 0x24 0x08 0x00 0x40 0x01 0x1a 0x00 0x09 0x24</data>
    <funcstart label="SystemError" validcode="function"/>
  </pattern>

  <pattern>
    <data>0xb0 0x00 0x0a 0x24 0x08 0x00 0x40 0x01 0x1b 0x00 0x09 0x24</data>
    <funcstart label="SystemError" validcode="function"/>
  </pattern>

  <pattern>
    <data>0xb0 0x00 0x0a 0x24 0x08 0x00 0x40 0x01 0x1c 0x00 0x09 0x24</data>
    <funcstart label="SystemError" validcode="function"/>
  </pattern>

  <pattern>
    <data>0xb0 0x00 0x0a 0x24 0x08 0x00 0x40 0x01 0x1d 0x00 0x09 0x24</data>
    <funcstart label="SystemError" validcode="function"/>
  </pattern>

  <pattern>
    <data>0xb0 0x00 0x0a 0x24 0x08 0x00 0x40 0x01 0x1e 0x00 0x09 0x24</data>
    <funcstart label="SystemError" validcode="function"/>
  </pattern>

  <pattern>
    <data>0xb0 0x00 0x0a 0x24 0x08 0x00 0x40 0x01 0x1f 0x00 0x09 0x24</data>
    <funcstart label="SystemError" validcode="function"/>
  </pattern>

  <pattern>
    <data>0xb0 0x00 0x0a 0x24 0x08 0x00 0x40 0x01 0x20 0x00 0x09 0x24</data>
    <funcstart label="UnDeliverEvent" validcode="function"/>
  </pattern>

  <pattern>
    <data>0xb0 0x00 0x0a 0x24 0x08 0x00 0x40 0x01 0x21 0x00 0x09 0x24</data>
    <funcstart label="SystemError" validcode="function"/>
  </pattern>

  <pattern>
    <data>0xb0 0x00 0x0a 0x24 0x08 0x00 0x40 0x01 0x22 0x00 0x09 0x24</data>
    <funcstart label="SystemError" validcode="function"/>
  </pattern>

  <pattern>
    <data>0xb0 0x00 0x0a 0x24 0x08 0x00 0x40 0x01 0x23 0x00 0x09 0x24</data>
    <funcstart label="SystemError" validcode="function"/>
  </pattern>

  <pattern>
    <data>0xb0 0x00 0x0a 0x24 0x08 0x00 0x40 0x01 0x24 0x00 0x09 0x24</data>
    <funcstart label="jump_to_00000000h" validcode="function"/>
  </pattern>

  <pattern>
    <data>0xb0 0x00 0x0a 0x24 0x08 0x00 0x40 0x01 0x25 0x00 0x09 0x24</data>
    <funcstart label="jump_to_00000000h" validcode="function"/>
  </pattern>

  <pattern>
    <data>0xb0 0x00 0x0a 0x24 0x08 0x00 0x40 0x01 0x26 0x00 0x09 0x24</data>
    <funcstart label="jump_to_00000000h" validcode="function"/>
  </pattern>

  <pattern>
    <data>0xb0 0x00 0x0a 0x24 0x08 0x00 0x40 0x01 0x27 0x00 0x09 0x24</data>
    <funcstart label="jump_to_00000000h" validcode="function"/>
  </pattern>

  <pattern>
    <data>0xb0 0x00 0x0a 0x24 0x08 0x00 0x40 0x01 0x28 0x00 0x09 0x24</data>
    <funcstart label="jump_to_00000000h" validcode="function"/>
  </pattern>

  <pattern>
    <data>0xb0 0x00 0x0a 0x24 0x08 0x00 0x40 0x01 0x29 0x00 0x09 0x24</data>
    <funcstart label="jump_to_00000000h" validcode="function"/>
  </pattern>

  <pattern>
    <data>0xb0 0x00 0x0a 0x24 0x08 0x00 0x40 0x01 0x2a 0x00 0x09 0x24</data>
    <funcstart label="SystemError" validcode="function"/>
  </pattern>

  <pattern>
    <data>0xb0 0x00 0x0a 0x24 0x08 0x00 0x40 0x01 0x2b 0x00 0x09 0x24</data>
    <funcstart label="SystemError" validcode="function"/>
  </pattern>

  <pattern>
    <data>0xb0 0x00 0x0a 0x24 0x08 0x00 0x40 0x01 0x2c 0x00 0x09 0x24</data>
    <funcstart label="jump_to_00000000h" validcode="function"/>
  </pattern>

  <pattern>
    <data>0xb0 0x00 0x0a 0x24 0x08 0x00 0x40 0x01 0x2d 0x00 0x09 0x24</data>
    <funcstart label="jump_to_00000000h" validcode="function"/>
  </pattern>

  <pattern>
    <data>0xb0 0x00 0x0a 0x24 0x08 0x00 0x40 0x01 0x2e 0x00 0x09 0x24</data>
    <funcstart label="jump_to_00000000h" validcode="function"/>
  </pattern>

  <pattern>
    <data>0xb0 0x00 0x0a 0x24 0x08 0x00 0x40 0x01 0x2f 0x00 0x09 0x24</data>
    <funcstart label="jump_to_00000000h" validcode="function"/>
  </pattern>

  <pattern>
    <data>0xb0 0x00 0x0a 0x24 0x08 0x00 0x40 0x01 0x30 0x00 0x09 0x24</data>
    <funcstart label="jump_to_00000000h" validcode="function"/>
  </pattern>

  <pattern>
    <data>0xb0 0x00 0x0a 0x24 0x08 0x00 0x40 0x01 0x31 0x00 0x09 0x24</data>
    <funcstart label="jump_to_00000000h" validcode="function"/>
  </pattern>

  <pattern>
    <data>0xb0 0x00 0x0a 0x24 0x08 0x00 0x40 0x01 0x32 0x00 0x09 0x24</data>
    <funcstart label="FileOpen" validcode="function"/>
  </pattern>

  <pattern>
    <data>0xb0 0x00 0x0a 0x24 0x08 0x00 0x40 0x01 0x33 0x00 0x09 0x24</data>
    <funcstart label="FileSeek" validcode="function"/>
  </pattern>

  <pattern>
    <data>0xb0 0x00 0x0a 0x24 0x08 0x00 0x40 0x01 0x34 0x00 0x09 0x24</data>
    <funcstart label="FileRead" validcode="function"/>
  </pattern>

  <pattern>
    <data>0xb0 0x00 0x0a 0x24 0x08 0x00 0x40 0x01 0x35 0x00 0x09 0x24</data>
    <funcstart label="FileWrite" validcode="function"/>
  </pattern>

  <pattern>
    <data>0xb0 0x00 0x0a 0x24 0x08 0x00 0x40 0x01 0x36 0x00 0x09 0x24</data>
    <funcstart label="FileClose" validcode="function"/>
  </pattern>

  <pattern>
    <data>0xb0 0x00 0x0a 0x24 0x08 0x00 0x40 0x01 0x37 0x00 0x09 0x24</data>
    <funcstart label="FileIoctl" validcode="function"/>
  </pattern>

  <pattern>
    <data>0xb0 0x00 0x0a 0x24 0x08 0x00 0x40 0x01 0x38 0x00 0x09 0x24</data>
    <funcstart label="exit" validcode="function"/>
  </pattern>

  <pattern>
    <data>0xb0 0x00 0x0a 0x24 0x08 0x00 0x40 0x01 0x39 0x00 0x09 0x24</data>
    <funcstart label="FileGetDeviceFlag" validcode="function"/>
  </pattern>

  <pattern>
    <data>0xb0 0x00 0x0a 0x24 0x08 0x00 0x40 0x01 0x3a 0x00 0x09 0x24</data>
    <funcstart label="FileGetc" validcode="function"/>
  </pattern>

  <pattern>
    <data>0xb0 0x00 0x0a 0x24 0x08 0x00 0x40 0x01 0x3b 0x00 0x09 0x24</data>
    <funcstart label="FilePutc" validcode="function"/>
  </pattern>

  <pattern>
    <data>0xb0 0x00 0x0a 0x24 0x08 0x00 0x40 0x01 0x3c 0x00 0x09 0x24</data>
    <funcstart label="std_in_getchar" validcode="function"/>
  </pattern>

  <pattern>
    <data>0xb0 0x00 0x0a 0x24 0x08 0x00 0x40 0x01 0x3d 0x00 0x09 0x24</data>
    <funcstart label="std_out_putchar" validcode="function"/>
  </pattern>

  <pattern>
    <data>0xb0 0x00 0x0a 0x24 0x08 0x00 0x40 0x01 0x3e 0x00 0x09 0x24</data>
    <funcstart label="std_in_gets" validcode="function"/>
  </pattern>

  <pattern>
    <data>0xb0 0x00 0x0a 0x24 0x08 0x00 0x40 0x01 0x3f 0x00 0x09 0x24</data>
    <funcstart label="std_out_puts" validcode="function"/>
  </pattern>

  <pattern>
    <data>0xb0 0x00 0x0a 0x24 0x08 0x00 0x40 0x01 0x40 0x00 0x09 0x24</data>
    <funcstart label="chdir" validcode="function"/>
  </pattern>

  <pattern>
    <data>0xb0 0x00 0x0a 0x24 0x08 0x00 0x40 0x01 0x41 0x00 0x09 0x24</data>
    <funcstart label="FormatDevice" validcode="function"/>
  </pattern>

  <pattern>
    <data>0xb0 0x00 0x0a 0x24 0x08 0x00 0x40 0x01 0x42 0x00 0x09 0x24</data>
    <funcstart label="firstfile" validcode="function"/>
  </pattern>

  <pattern>
    <data>0xb0 0x00 0x0a 0x24 0x08 0x00 0x40 0x01 0x43 0x00 0x09 0x24</data>
    <funcstart label="nextfile" validcode="function"/>
  </pattern>

  <pattern>
    <data>0xb0 0x00 0x0a 0x24 0x08 0x00 0x40 0x01 0x44 0x00 0x09 0x24</data>
    <funcstart label="FileRename" validcode="function"/>
  </pattern>

  <pattern>
    <data>0xb0 0x00 0x0a 0x24 0x08 0x00 0x40 0x01 0x45 0x00 0x09 0x24</data>
    <funcstart label="FileDelete" validcode="function"/>
  </pattern>

  <pattern>
    <data>0xb0 0x00 0x0a 0x24 0x08 0x00 0x40 0x01 0x46 0x00 0x09 0x24</data>
    <funcstart label="FileUndelete" validcode="function"/>
  </pattern>

  <pattern>
    <data>0xb0 0x00 0x0a 0x24 0x08 0x00 0x40 0x01 0x47 0x00 0x09 0x24</data>
    <funcstart label="AddDevice" validcode="function"/>
  </pattern>

  <pattern>
    <data>0xb0 0x00 0x0a 0x24 0x08 0x00 0x40 0x01 0x48 0x00 0x09 0x24</data>
    <funcstart label="RemoveDevice" validcode="function"/>
  </pattern>

  <pattern>
    <data>0xb0 0x00 0x0a 0x24 0x08 0x00 0x40 0x01 0x49 0x00 0x09 0x24</data>
    <funcstart label="PrintInstalledDevices" validcode="function"/>
  </pattern>

  <pattern>
    <data>0xb0 0x00 0x0a 0x24 0x08 0x00 0x40 0x01 0x4a 0x00 0x09 0x24</data>
    <funcstart label="InitCard" validcode="function"/>
  </pattern>

  <pattern>
    <data>0xb0 0x00 0x0a 0x24 0x08 0x00 0x40 0x01 0x4b 0x00 0x09 0x24</data>
    <funcstart label="StartCard" validcode="function"/>
  </pattern>

  <pattern>
    <data>0xb0 0x00 0x0a 0x24 0x08 0x00 0x40 0x01 0x4c 0x00 0x09 0x24</data>
    <funcstart label="StopCard" validcode="function"/>
  </pattern>

  <pattern>
    <data>0xb0 0x00 0x0a 0x24 0x08 0x00 0x40 0x01 0x4d 0x00 0x09 0x24</data>
    <funcstart label="_card_info_subfunc" validcode="function"/>
  </pattern>

  <pattern>
    <data>0xb0 0x00 0x0a 0x24 0x08 0x00 0x40 0x01 0x4e 0x00 0x09 0x24</data>
    <funcstart label="write_card_sector" validcode="function"/>
  </pattern>

  <pattern>
    <data>0xb0 0x00 0x0a 0x24 0x08 0x00 0x40 0x01 0x4f 0x00 0x09 0x24</data>
    <funcstart label="read_card_sector" validcode="function"/>
  </pattern>

  <pattern>
    <data>0xb0 0x00 0x0a 0x24 0x08 0x00 0x40 0x01 0x50 0x00 0x09 0x24</data>
    <funcstart label="allow_new_card" validcode="function"/>
  </pattern>

  <pattern>
    <data>0xb0 0x00 0x0a 0x24 0x08 0x00 0x40 0x01 0x51 0x00 0x09 0x24</data>
    <funcstart label="Krom2RawAdd" validcode="function"/>
  </pattern>

  <pattern>
    <data>0xb0 0x00 0x0a 0x24 0x08 0x00 0x40 0x01 0x52 0x00 0x09 0x24</data>
    <funcstart label="SystemError" validcode="function"/>
  </pattern>

  <pattern>
    <data>0xb0 0x00 0x0a 0x24 0x08 0x00 0x40 0x01 0x53 0x00 0x09 0x24</data>
    <funcstart label="Krom2Offset" validcode="function"/>
  </pattern>

  <pattern>
    <data>0xb0 0x00 0x0a 0x24 0x08 0x00 0x40 0x01 0x54 0x00 0x09 0x24</data>
    <funcstart label="GetLastError" validcode="function"/>
  </pattern>

  <pattern>
    <data>0xb0 0x00 0x0a 0x24 0x08 0x00 0x40 0x01 0x55 0x00 0x09 0x24</data>
    <funcstart label="GetLastFileError" validcode="function"/>
  </pattern>

  <pattern>
    <data>0xb0 0x00 0x0a 0x24 0x08 0x00 0x40 0x01 0x56 0x00 0x09 0x24</data>
    <funcstart label="GetC0Table" validcode="function"/>
  </pattern>

  <pattern>
    <data>0xb0 0x00 0x0a 0x24 0x08 0x00 0x40 0x01 0x57 0x00 0x09 0x24</data>
    <funcstart label="GetB0Table" validcode="function"/>
  </pattern>

  <pattern>
    <data>0xb0 0x00 0x0a 0x24 0x08 0x00 0x40 0x01 0x58 0x00 0x09 0x24</data>
    <funcstart label="get_bu_callback_port" validcode="function"/>
  </pattern>

  <pattern>
    <data>0xb0 0x00 0x0a 0x24 0x08 0x00 0x40 0x01 0x59 0x00 0x09 0x24</data>
    <funcstart label="testdevice" validcode="function"/>
  </pattern>

  <pattern>
    <data>0xb0 0x00 0x0a 0x24 0x08 0x00 0x40 0x01 0x5a 0x00 0x09 0x24</data>
    <funcstart label="SystemError" validcode="function"/>
  </pattern>

  <pattern>
    <data>0xb0 0x00 0x0a 0x24 0x08 0x00 0x40 0x01 0x5b 0x00 0x09 0x24</data>
    <funcstart label="ChangeClearPad" validcode="function"/>
  </pattern>

  <pattern>
    <data>0xb0 0x00 0x0a 0x24 0x08 0x00 0x40 0x01 0x5c 0x00 0x09 0x24</data>
    <funcstart label="get_card_status" validcode="function"/>
  </pattern>

  <pattern>
    <data>0xb0 0x00 0x0a 0x24 0x08 0x00 0x40 0x01 0x5d 0x00 0x09 0x24</data>
    <funcstart label="wait_card_status" validcode="function"/>
  </pattern>

  <pattern>
    <data>0xb0 0x00 0x0a 0x24 0x08 0x00 0x40 0x01 0x5e 0x00 0x09 0x24</data>
    <funcstart label="jump_to_00000000h" validcode="function"/>
  </pattern>

  <pattern>
    <data>0xb0 0x00 0x0a 0x24 0x08 0x00 0x40 0x01 0x5f 0x00 0x09 0x24</data>
    <funcstart label="jump_to_00000000h" validcode="function"/>
  </pattern>

  <pattern>
    <data>0xb0 0x00 0x0a 0x24 0x08 0x00 0x40 0x01 0x60 0x00 0x09 0x24</data>
    <funcstart label="jump_to_00000000h" validcode="function"/>
  </pattern>

  <pattern>
    <data>0xb0 0x00 0x0a 0x24 0x08 0x00 0x40 0x01 0x61 0x00 0x09 0x24</data>
    <funcstart label="jump_to_00000000h" validcode="function"/>
  </pattern>

  <pattern>
    <data>0xb0 0x00 0x0a 0x24 0x08 0x00 0x40 0x01 0x62 0x00 0x09 0x24</data>
    <funcstart label="jump_to_00000000h" validcode="function"/>
  </pattern>

  <pattern>
    <data>0xb0 0x00 0x0a 0x24 0x08 0x00 0x40 0x01 0x63 0x00 0x09 0x24</data>
    <funcstart label="jump_to_00000000h" validcode="function"/>
  </pattern>

  <pattern>
    <data>0xb0 0x00 0x0a 0x24 0x08 0x00 0x40 0x01 0x64 0x00 0x09 0x24</data>
    <funcstart label="jump_to_00000000h" validcode="function"/>
  </pattern>

  <pattern>
    <data>0xb0 0x00 0x0a 0x24 0x08 0x00 0x40 0x01 0x65 0x00 0x09 0x24</data>
    <funcstart label="jump_to_00000000h" validcode="function"/>
  </pattern>

  <pattern>
    <data>0xb0 0x00 0x0a 0x24 0x08 0x00 0x40 0x01 0x66 0x00 0x09 0x24</data>
    <funcstart label="jump_to_00000000h" validcode="function"/>
  </pattern>

  <pattern>
    <data>0xb0 0x00 0x0a 0x24 0x08 0x00 0x40 0x01 0x67 0x00 0x09 0x24</data>
    <funcstart label="jump_to_00000000h" validcode="function"/>
  </pattern>

  <pattern>
    <data>0xb0 0x00 0x0a 0x24 0x08 0x00 0x40 0x01 0x68 0x00 0x09 0x24</data>
    <funcstart label="jump_to_00000000h" validcode="function"/>
  </pattern>

  <pattern>
    <data>0xb0 0x00 0x0a 0x24 0x08 0x00 0x40 0x01 0x69 0x00 0x09 0x24</data>
    <funcstart label="jump_to_00000000h" validcode="function"/>
  </pattern>

  <pattern>
    <data>0xb0 0x00 0x0a 0x24 0x08 0x00 0x40 0x01 0x6a 0x00 0x09 0x24</data>
    <funcstart label="jump_to_00000000h" validcode="function"/>
  </pattern>

  <pattern>
    <data>0xb0 0x00 0x0a 0x24 0x08 0x00 0x40 0x01 0x6b 0x00 0x09 0x24</data>
    <funcstart label="jump_to_00000000h" validcode="function"/>
  </pattern>

  <pattern>
    <data>0xb0 0x00 0x0a 0x24 0x08 0x00 0x40 0x01 0x6c 0x00 0x09 0x24</data>
    <funcstart label="jump_to_00000000h" validcode="function"/>
  </pattern>

  <pattern>
    <data>0xb0 0x00 0x0a 0x24 0x08 0x00 0x40 0x01 0x6d 0x00 0x09 0x24</data>
    <funcstart label="jump_to_00000000h" validcode="function"/>
  </pattern>

  <pattern>
    <data>0xb0 0x00 0x0a 0x24 0x08 0x00 0x40 0x01 0x6e 0x00 0x09 0x24</data>
    <funcstart label="jump_to_00000000h" validcode="function"/>
  </pattern>

  <pattern>
    <data>0xb0 0x00 0x0a 0x24 0x08 0x00 0x40 0x01 0x6f 0x00 0x09 0x24</data>
    <funcstart label="jump_to_00000000h" validcode="function"/>
  </pattern>

  <pattern>
    <data>0xb0 0x00 0x0a 0x24 0x08 0x00 0x40 0x01 0x70 0x00 0x09 0x24</data>
    <funcstart label="jump_to_00000000h" validcode="function"/>
  </pattern>

  <pattern>
    <data>0xb0 0x00 0x0a 0x24 0x08 0x00 0x40 0x01 0x71 0x00 0x09 0x24</data>
    <funcstart label="jump_to_00000000h" validcode="function"/>
  </pattern>

  <pattern>
    <data>0xb0 0x00 0x0a 0x24 0x08 0x00 0x40 0x01 0x72 0x00 0x09 0x24</data>
    <funcstart label="jump_to_00000000h" validcode="function"/>
  </pattern>

  <pattern>
    <data>0xb0 0x00 0x0a 0x24 0x08 0x00 0x40 0x01 0x73 0x00 0x09 0x24</data>
    <funcstart label="jump_to_00000000h" validcode="function"/>
  </pattern>

  <pattern>
    <data>0xb0 0x00 0x0a 0x24 0x08 0x00 0x40 0x01 0x74 0x00 0x09 0x24</data>
    <funcstart label="jump_to_00000000h" validcode="function"/>
  </pattern>

  <pattern>
    <data>0xb0 0x00 0x0a 0x24 0x08 0x00 0x40 0x01 0x75 0x00 0x09 0x24</data>
    <funcstart label="jump_to_00000000h" validcode="function"/>
  </pattern>

  <pattern>
    <data>0xb0 0x00 0x0a 0x24 0x08 0x00 0x40 0x01 0x76 0x00 0x09 0x24</data>
    <funcstart label="jump_to_00000000h" validcode="function"/>
  </pattern>

  <pattern>
    <data>0xb0 0x00 0x0a 0x24 0x08 0x00 0x40 0x01 0x77 0x00 0x09 0x24</data>
    <funcstart label="jump_to_00000000h" validcode="function"/>
  </pattern>

  <pattern>
    <data>0xb0 0x00 0x0a 0x24 0x08 0x00 0x40 0x01 0x78 0x00 0x09 0x24</data>
    <funcstart label="jump_to_00000000h" validcode="function"/>
  </pattern>

  <pattern>
    <data>0xb0 0x00 0x0a 0x24 0x08 0x00 0x40 0x01 0x79 0x00 0x09 0x24</data>
    <funcstart label="jump_to_00000000h" validcode="function"/>
  </pattern>

  <pattern>
    <data>0xb0 0x00 0x0a 0x24 0x08 0x00 0x40 0x01 0x7a 0x00 0x09 0x24</data>
    <funcstart label="jump_to_00000000h" validcode="function"/>
  </pattern>

  <pattern>
    <data>0xb0 0x00 0x0a 0x24 0x08 0x00 0x40 0x01 0x7b 0x00 0x09 0x24</data>
    <funcstart label="jump_to_00000000h" validcode="function"/>
  </pattern>

  <pattern>
    <data>0xb0 0x00 0x0a 0x24 0x08 0x00 0x40 0x01 0x7c 0x00 0x09 0x24</data>
    <funcstart label="jump_to_00000000h" validcode="function"/>
  </pattern>

  <pattern>
    <data>0xb0 0x00 0x0a 0x24 0x08 0x00 0x40 0x01 0x7d 0x00 0x09 0x24</data>
    <funcstart label="jump_to_00000000h" validcode="function"/>
  </pattern>

  <pattern>
    <data>0xb0 0x00 0x0a 0x24 0x08 0x00 0x40 0x01 0x7e 0x00 0x09 0x24</data>
    <funcstart label="jump_to_00000000h" validcode="function"/>
  </pattern>

  <pattern>
    <data>0xb0 0x00 0x0a 0x24 0x08 0x00 0x40 0x01 0x7f 0x00 0x09 0x24</data>
    <funcstart label="jump_to_00000000h" validcode="function"/>
  </pattern>

  <pattern>
    <data>0xb0 0x00 0x0a 0x24 0x08 0x00 0x40 0x01 0x80 0x00 0x09 0x24</data>
    <funcstart label="jump_to_00000000h" validcode="function"/>
  </pattern>

  <pattern>
    <data>0xb0 0x00 0x0a 0x24 0x08 0x00 0x40 0x01 0x81 0x00 0x09 0x24</data>
    <funcstart label="jump_to_00000000h" validcode="function"/>
  </pattern>

  <pattern>
    <data>0xb0 0x00 0x0a 0x24 0x08 0x00 0x40 0x01 0x82 0x00 0x09 0x24</data>
    <funcstart label="jump_to_00000000h" validcode="function"/>
  </pattern>

  <pattern>
    <data>0xb0 0x00 0x0a 0x24 0x08 0x00 0x40 0x01 0x83 0x00 0x09 0x24</data>
    <funcstart label="jump_to_00000000h" validcode="function"/>
  </pattern>

  <pattern>
    <data>0xb0 0x00 0x0a 0x24 0x08 0x00 0x40 0x01 0x84 0x00 0x09 0x24</data>
    <funcstart label="jump_to_00000000h" validcode="function"/>
  </pattern>

  <pattern>
    <data>0xb0 0x00 0x0a 0x24 0x08 0x00 0x40 0x01 0x85 0x00 0x09 0x24</data>
    <funcstart label="jump_to_00000000h" validcode="function"/>
  </pattern>

  <pattern>
    <data>0xb0 0x00 0x0a 0x24 0x08 0x00 0x40 0x01 0x86 0x00 0x09 0x24</data>
    <funcstart label="jump_to_00000000h" validcode="function"/>
  </pattern>

  <pattern>
    <data>0xb0 0x00 0x0a 0x24 0x08 0x00 0x40 0x01 0x87 0x00 0x09 0x24</data>
    <funcstart label="jump_to_00000000h" validcode="function"/>
  </pattern>

  <pattern>
    <data>0xb0 0x00 0x0a 0x24 0x08 0x00 0x40 0x01 0x88 0x00 0x09 0x24</data>
    <funcstart label="jump_to_00000000h" validcode="function"/>
  </pattern>

  <pattern>
    <data>0xb0 0x00 0x0a 0x24 0x08 0x00 0x40 0x01 0x89 0x00 0x09 0x24</data>
    <funcstart label="jump_to_00000000h" validcode="function"/>
  </pattern>

  <pattern>
    <data>0xb0 0x00 0x0a 0x24 0x08 0x00 0x40 0x01 0x8a 0x00 0x09 0x24</data>
    <funcstart label="jump_to_00000000h" validcode="function"/>
  </pattern>

  <pattern>
    <data>0xb0 0x00 0x0a 0x24 0x08 0x00 0x40 0x01 0x8b 0x00 0x09 0x24</data>
    <funcstart label="jump_to_00000000h" validcode="function"/>
  </pattern>

  <pattern>
    <data>0xb0 0x00 0x0a 0x24 0x08 0x00 0x40 0x01 0x8c 0x00 0x09 0x24</data>
    <funcstart label="jump_to_00000000h" validcode="function"/>
  </pattern>

  <pattern>
    <data>0xb0 0x00 0x0a 0x24 0x08 0x00 0x40 0x01 0x8d 0x00 0x09 0x24</data>
    <funcstart label="jump_to_00000000h" validcode="function"/>
  </pattern>

  <pattern>
    <data>0xb0 0x00 0x0a 0x24 0x08 0x00 0x40 0x01 0x8e 0x00 0x09 0x24</data>
    <funcstart label="jump_to_00000000h" validcode="function"/>
  </pattern>

  <pattern>
    <data>0xb0 0x00 0x0a 0x24 0x08 0x00 0x40 0x01 0x8f 0x00 0x09 0x24</data>
    <funcstart label="jump_to_00000000h" validcode="function"/>
  </pattern>

  <pattern>
    <data>0xb0 0x00 0x0a 0x24 0x08 0x00 0x40 0x01 0x90 0x00 0x09 0x24</data>
    <funcstart label="jump_to_00000000h" validcode="function"/>
  </pattern>

  <pattern>
    <data>0xb0 0x00 0x0a 0x24 0x08 0x00 0x40 0x01 0x91 0x00 0x09 0x24</data>
    <funcstart label="jump_to_00000000h" validcode="function"/>
  </pattern>

  <pattern>
    <data>0xb0 0x00 0x0a 0x24 0x08 0x00 0x40 0x01 0x92 0x00 0x09 0x24</data>
    <funcstart label="jump_to_00000000h" validcode="function"/>
  </pattern>

  <pattern>
    <data>0xb0 0x00 0x0a 0x24 0x08 0x00 0x40 0x01 0x93 0x00 0x09 0x24</data>
    <funcstart label="jump_to_00000000h" validcode="function"/>
  </pattern>

  <pattern>
    <data>0xb0 0x00 0x0a 0x24 0x08 0x00 0x40 0x01 0x94 0x00 0x09 0x24</data>
    <funcstart label="jump_to_00000000h" validcode="function"/>
  </pattern>

  <pattern>
    <data>0xb0 0x00 0x0a 0x24 0x08 0x00 0x40 0x01 0x95 0x00 0x09 0x24</data>
    <funcstart label="jump_to_00000000h" validcode="function"/>
  </pattern>

  <pattern>
    <data>0xb0 0x00 0x0a 0x24 0x08 0x00 0x40 0x01 0x96 0x00 0x09 0x24</data>
    <funcstart label="jump_to_00000000h" validcode="function"/>
  </pattern>

  <pattern>
    <data>0xb0 0x00 0x0a 0x24 0x08 0x00 0x40 0x01 0x97 0x00 0x09 0x24</data>
    <funcstart label="jump_to_00000000h" validcode="function"/>
  </pattern>

  <pattern>
    <data>0xb0 0x00 0x0a 0x24 0x08 0x00 0x40 0x01 0x98 0x00 0x09 0x24</data>
    <funcstart label="jump_to_00000000h" validcode="function"/>
  </pattern>

  <pattern>
    <data>0xb0 0x00 0x0a 0x24 0x08 0x00 0x40 0x01 0x99 0x00 0x09 0x24</data>
    <funcstart label="jump_to_00000000h" validcode="function"/>
  </pattern>

  <pattern>
    <data>0xb0 0x00 0x0a 0x24 0x08 0x00 0x40 0x01 0x9a 0x00 0x09 0x24</data>
    <funcstart label="jump_to_00000000h" validcode="function"/>
  </pattern>

  <pattern>
    <data>0xb0 0x00 0x0a 0x24 0x08 0x00 0x40 0x01 0x9b 0x00 0x09 0x24</data>
    <funcstart label="jump_to_00000000h" validcode="function"/>
  </pattern>

  <pattern>
    <data>0xb0 0x00 0x0a 0x24 0x08 0x00 0x40 0x01 0x9c 0x00 0x09 0x24</data>
    <funcstart label="jump_to_00000000h" validcode="function"/>
  </pattern>

  <pattern>
    <data>0xb0 0x00 0x0a 0x24 0x08 0x00 0x40 0x01 0x9d 0x00 0x09 0x24</data>
    <funcstart label="jump_to_00000000h" validcode="function"/>
  </pattern>

  <pattern>
    <data>0xb0 0x00 0x0a 0x24 0x08 0x00 0x40 0x01 0x9e 0x00 0x09 0x24</data>
    <funcstart label="jump_to_00000000h" validcode="function"/>
  </pattern>

  <pattern>
    <data>0xb0 0x00 0x0a 0x24 0x08 0x00 0x40 0x01 0x9f 0x00 0x09 0x24</data>
    <funcstart label="jump_to_00000000h" validcode="function"/>
  </pattern>

  <pattern>
    <data>0xb0 0x00 0x0a 0x24 0x08 0x00 0x40 0x01 0xa0 0x00 0x09 0x24</data>
    <funcstart label="jump_to_00000000h" validcode="function"/>
  </pattern>

  <pattern>
    <data>0xb0 0x00 0x0a 0x24 0x08 0x00 0x40 0x01 0xa1 0x00 0x09 0x24</data>
    <funcstart label="jump_to_00000000h" validcode="function"/>
  </pattern>

  <pattern>
    <data>0xb0 0x00 0x0a 0x24 0x08 0x00 0x40 0x01 0xa2 0x00 0x09 0x24</data>
    <funcstart label="jump_to_00000000h" validcode="function"/>
  </pattern>

  <pattern>
    <data>0xb0 0x00 0x0a 0x24 0x08 0x00 0x40 0x01 0xa3 0x00 0x09 0x24</data>
    <funcstart label="jump_to_00000000h" validcode="function"/>
  </pattern>

  <pattern>
    <data>0xb0 0x00 0x0a 0x24 0x08 0x00 0x40 0x01 0xa4 0x00 0x09 0x24</data>
    <funcstart label="jump_to_00000000h" validcode="function"/>
  </pattern>

  <pattern>
    <data>0xb0 0x00 0x0a 0x24 0x08 0x00 0x40 0x01 0xa5 0x00 0x09 0x24</data>
    <funcstart label="jump_to_00000000h" validcode="function"/>
  </pattern>

  <pattern>
    <data>0xb0 0x00 0x0a 0x24 0x08 0x00 0x40 0x01 0xa6 0x00 0x09 0x24</data>
    <funcstart label="jump_to_00000000h" validcode="function"/>
  </pattern>

  <pattern>
    <data>0xb0 0x00 0x0a 0x24 0x08 0x00 0x40 0x01 0xa7 0x00 0x09 0x24</data>
    <funcstart label="jump_to_00000000h" validcode="function"/>
  </pattern>

  <pattern>
    <data>0xb0 0x00 0x0a 0x24 0x08 0x00 0x40 0x01 0xa8 0x00 0x09 0x24</data>
    <funcstart label="jump_to_00000000h" validcode="function"/>
  </pattern>

  <pattern>
    <data>0xb0 0x00 0x0a 0x24 0x08 0x00 0x40 0x01 0xa9 0x00 0x09 0x24</data>
    <funcstart label="jump_to_00000000h" validcode="function"/>
  </pattern>

  <pattern>
    <data>0xb0 0x00 0x0a 0x24 0x08 0x00 0x40 0x01 0xaa 0x00 0x09 0x24</data>
    <funcstart label="jump_to_00000000h" validcode="function"/>
  </pattern>

  <pattern>
    <data>0xb0 0x00 0x0a 0x24 0x08 0x00 0x40 0x01 0xab 0x00 0x09 0x24</data>
    <funcstart label="jump_to_00000000h" validcode="function"/>
  </pattern>

  <pattern>
    <data>0xb0 0x00 0x0a 0x24 0x08 0x00 0x40 0x01 0xac 0x00 0x09 0x24</data>
    <funcstart label="jump_to_00000000h" validcode="function"/>
  </pattern>

  <pattern>
    <data>0xb0 0x00 0x0a 0x24 0x08 0x00 0x40 0x01 0xad 0x00 0x09 0x24</data>
    <funcstart label="jump_to_00000000h" validcode="function"/>
  </pattern>

  <pattern>
    <data>0xb0 0x00 0x0a 0x24 0x08 0x00 0x40 0x01 0xae 0x00 0x09 0x24</data>
    <funcstart label="jump_to_00000000h" validcode="function"/>
  </pattern>

  <pattern>
    <data>0xb0 0x00 0x0a 0x24 0x08 0x00 0x40 0x01 0xaf 0x00 0x09 0x24</data>
    <funcstart label="jump_to_00000000h" validcode="function"/>
  </pattern>

  <pattern>
    <data>0xb0 0x00 0x0a 0x24 0x08 0x00 0x40 0x01 0xb0 0x00 0x09 0x24</data>
    <funcstart label="jump_to_00000000h" validcode="function"/>
  </pattern>

  <pattern>
    <data>0xb0 0x00 0x0a 0x24 0x08 0x00 0x40 0x01 0xb1 0x00 0x09 0x24</data>
    <funcstart label="jump_to_00000000h" validcode="function"/>
  </pattern>

  <pattern>
    <data>0xb0 0x00 0x0a 0x24 0x08 0x00 0x40 0x01 0xb2 0x00 0x09 0x24</data>
    <funcstart label="jump_to_00000000h" validcode="function"/>
  </pattern>

  <pattern>
    <data>0xb0 0x00 0x0a 0x24 0x08 0x00 0x40 0x01 0xb3 0x00 0x09 0x24</data>
    <funcstart label="jump_to_00000000h" validcode="function"/>
  </pattern>

  <pattern>
    <data>0xb0 0x00 0x0a 0x24 0x08 0x00 0x40 0x01 0xb4 0x00 0x09 0x24</data>
    <funcstart label="jump_to_00000000h" validcode="function"/>
  </pattern>

  <pattern>
    <data>0xb0 0x00 0x0a 0x24 0x08 0x00 0x40 0x01 0xb5 0x00 0x09 0x24</data>
    <funcstart label="jump_to_00000000h" validcode="function"/>
  </pattern>

  <pattern>
    <data>0xb0 0x00 0x0a 0x24 0x08 0x00 0x40 0x01 0xb6 0x00 0x09 0x24</data>
    <funcstart label="jump_to_00000000h" validcode="function"/>
  </pattern>

  <pattern>
    <data>0xb0 0x00 0x0a 0x24 0x08 0x00 0x40 0x01 0xb7 0x00 0x09 0x24</data>
    <funcstart label="jump_to_00000000h" validcode="function"/>
  </pattern>

  <pattern>
    <data>0xb0 0x00 0x0a 0x24 0x08 0x00 0x40 0x01 0xb8 0x00 0x09 0x24</data>
    <funcstart label="jump_to_00000000h" validcode="function"/>
  </pattern>

  <pattern>
    <data>0xb0 0x00 0x0a 0x24 0x08 0x00 0x40 0x01 0xb9 0x00 0x09 0x24</data>
    <funcstart label="jump_to_00000000h" validcode="function"/>
  </pattern>

  <pattern>
    <data>0xb0 0x00 0x0a 0x24 0x08 0x00 0x40 0x01 0xba 0x00 0x09 0x24</data>
    <funcstart label="jump_to_00000000h" validcode="function"/>
  </pattern>

  <pattern>
    <data>0xb0 0x00 0x0a 0x24 0x08 0x00 0x40 0x01 0xbb 0x00 0x09 0x24</data>
    <funcstart label="jump_to_00000000h" validcode="function"/>
  </pattern>

  <pattern>
    <data>0xb0 0x00 0x0a 0x24 0x08 0x00 0x40 0x01 0xbc 0x00 0x09 0x24</data>
    <funcstart label="jump_to_00000000h" validcode="function"/>
  </pattern>

  <pattern>
    <data>0xb0 0x00 0x0a 0x24 0x08 0x00 0x40 0x01 0xbd 0x00 0x09 0x24</data>
    <funcstart label="jump_to_00000000h" validcode="function"/>
  </pattern>

  <pattern>
    <data>0xb0 0x00 0x0a 0x24 0x08 0x00 0x40 0x01 0xbe 0x00 0x09 0x24</data>
    <funcstart label="jump_to_00000000h" validcode="function"/>
  </pattern>

  <pattern>
    <data>0xb0 0x00 0x0a 0x24 0x08 0x00 0x40 0x01 0xbf 0x00 0x09 0x24</data>
    <funcstart label="jump_to_00000000h" validcode="function"/>
  </pattern>

  <pattern>
    <data>0xb0 0x00 0x0a 0x24 0x08 0x00 0x40 0x01 0xc0 0x00 0x09 0x24</data>
    <funcstart label="jump_to_00000000h" validcode="function"/>
  </pattern>

  <pattern>
    <data>0xb0 0x00 0x0a 0x24 0x08 0x00 0x40 0x01 0xc1 0x00 0x09 0x24</data>
    <funcstart label="jump_to_00000000h" validcode="function"/>
  </pattern>

  <pattern>
    <data>0xb0 0x00 0x0a 0x24 0x08 0x00 0x40 0x01 0xc2 0x00 0x09 0x24</data>
    <funcstart label="jump_to_00000000h" validcode="function"/>
  </pattern>

  <pattern>
    <data>0xb0 0x00 0x0a 0x24 0x08 0x00 0x40 0x01 0xc3 0x00 0x09 0x24</data>
    <funcstart label="jump_to_00000000h" validcode="function"/>
  </pattern>

  <pattern>
    <data>0xb0 0x00 0x0a 0x24 0x08 0x00 0x40 0x01 0xc4 0x00 0x09 0x24</data>
    <funcstart label="jump_to_00000000h" validcode="function"/>
  </pattern>

  <pattern>
    <data>0xb0 0x00 0x0a 0x24 0x08 0x00 0x40 0x01 0xc5 0x00 0x09 0x24</data>
    <funcstart label="jump_to_00000000h" validcode="function"/>
  </pattern>

  <pattern>
    <data>0xb0 0x00 0x0a 0x24 0x08 0x00 0x40 0x01 0xc6 0x00 0x09 0x24</data>
    <funcstart label="jump_to_00000000h" validcode="function"/>
  </pattern>

  <pattern>
    <data>0xb0 0x00 0x0a 0x24 0x08 0x00 0x40 0x01 0xc7 0x00 0x09 0x24</data>
    <funcstart label="jump_to_00000000h" validcode="function"/>
  </pattern>

  <pattern>
    <data>0xb0 0x00 0x0a 0x24 0x08 0x00 0x40 0x01 0xc8 0x00 0x09 0x24</data>
    <funcstart label="jump_to_00000000h" validcode="function"/>
  </pattern>

  <pattern>
    <data>0xb0 0x00 0x0a 0x24 0x08 0x00 0x40 0x01 0xc9 0x00 0x09 0x24</data>
    <funcstart label="jump_to_00000000h" validcode="function"/>
  </pattern>

  <pattern>
    <data>0xb0 0x00 0x0a 0x24 0x08 0x00 0x40 0x01 0xca 0x00 0x09 0x24</data>
    <funcstart label="jump_to_00000000h" validcode="function"/>
  </pattern>

  <pattern>
    <data>0xb0 0x00 0x0a 0x24 0x08 0x00 0x40 0x01 0xcb 0x00 0x09 0x24</data>
    <funcstart label="jump_to_00000000h" validcode="function"/>
  </pattern>

  <pattern>
    <data>0xb0 0x00 0x0a 0x24 0x08 0x00 0x40 0x01 0xcc 0x00 0x09 0x24</data>
    <funcstart label="jump_to_00000000h" validcode="function"/>
  </pattern>

  <pattern>
    <data>0xb0 0x00 0x0a 0x24 0x08 0x00 0x40 0x01 0xcd 0x00 0x09 0x24</data>
    <funcstart label="jump_to_00000000h" validcode="function"/>
  </pattern>

  <pattern>
    <data>0xb0 0x00 0x0a 0x24 0x08 0x00 0x40 0x01 0xce 0x00 0x09 0x24</data>
    <funcstart label="jump_to_00000000h" validcode="function"/>
  </pattern>

  <pattern>
    <data>0xb0 0x00 0x0a 0x24 0x08 0x00 0x40 0x01 0xcf 0x00 0x09 0x24</data>
    <funcstart label="jump_to_00000000h" validcode="function"/>
  </pattern>

  <pattern>
    <data>0xb0 0x00 0x0a 0x24 0x08 0x00 0x40 0x01 0xd0 0x00 0x09 0x24</data>
    <funcstart label="jump_to_00000000h" validcode="function"/>
  </pattern>

  <pattern>
    <data>0xb0 0x00 0x0a 0x24 0x08 0x00 0x40 0x01 0xd1 0x00 0x09 0x24</data>
    <funcstart label="jump_to_00000000h" validcode="function"/>
  </pattern>

  <pattern>
    <data>0xb0 0x00 0x0a 0x24 0x08 0x00 0x40 0x01 0xd2 0x00 0x09 0x24</data>
    <funcstart label="jump_to_00000000h" validcode="function"/>
  </pattern>

  <pattern>
    <data>0xb0 0x00 0x0a 0x24 0x08 0x00 0x40 0x01 0xd3 0x00 0x09 0x24</data>
    <funcstart label="jump_to_00000000h" validcode="function"/>
  </pattern>

  <pattern>
    <data>0xb0 0x00 0x0a 0x24 0x08 0x00 0x40 0x01 0xd4 0x00 0x09 0x24</data>
    <funcstart label="jump_to_00000000h" validcode="function"/>
  </pattern>

  <pattern>
    <data>0xb0 0x00 0x0a 0x24 0x08 0x00 0x40 0x01 0xd5 0x00 0x09 0x24</data>
    <funcstart label="jump_to_00000000h" validcode="function"/>
  </pattern>

  <pattern>
    <data>0xb0 0x00 0x0a 0x24 0x08 0x00 0x40 0x01 0xd6 0x00 0x09 0x24</data>
    <funcstart label="jump_to_00000000h" validcode="function"/>
  </pattern>

  <pattern>
    <data>0xb0 0x00 0x0a 0x24 0x08 0x00 0x40 0x01 0xd7 0x00 0x09 0x24</data>
    <funcstart label="jump_to_00000000h" validcode="function"/>
  </pattern>

  <pattern>
    <data>0xb0 0x00 0x0a 0x24 0x08 0x00 0x40 0x01 0xd8 0x00 0x09 0x24</data>
    <funcstart label="jump_to_00000000h" validcode="function"/>
  </pattern>

  <pattern>
    <data>0xb0 0x00 0x0a 0x24 0x08 0x00 0x40 0x01 0xd9 0x00 0x09 0x24</data>
    <funcstart label="jump_to_00000000h" validcode="function"/>
  </pattern>

  <pattern>
    <data>0xb0 0x00 0x0a 0x24 0x08 0x00 0x40 0x01 0xda 0x00 0x09 0x24</data>
    <funcstart label="jump_to_00000000h" validcode="function"/>
  </pattern>

  <pattern>
    <data>0xb0 0x00 0x0a 0x24 0x08 0x00 0x40 0x01 0xdb 0x00 0x09 0x24</data>
    <funcstart label="jump_to_00000000h" validcode="function"/>
  </pattern>

  <pattern>
    <data>0xb0 0x00 0x0a 0x24 0x08 0x00 0x40 0x01 0xdc 0x00 0x09 0x24</data>
    <funcstart label="jump_to_00000000h" validcode="function"/>
  </pattern>

  <pattern>
    <data>0xb0 0x00 0x0a 0x24 0x08 0x00 0x40 0x01 0xdd 0x00 0x09 0x24</data>
    <funcstart label="jump_to_00000000h" validcode="function"/>
  </pattern>

  <pattern>
    <data>0xb0 0x00 0x0a 0x24 0x08 0x00 0x40 0x01 0xde 0x00 0x09 0x24</data>
    <funcstart label="jump_to_00000000h" validcode="function"/>
  </pattern>

  <pattern>
    <data>0xb0 0x00 0x0a 0x24 0x08 0x00 0x40 0x01 0xdf 0x00 0x09 0x24</data>
    <funcstart label="jump_to_00000000h" validcode="function"/>
  </pattern>

  <pattern>
    <data>0xb0 0x00 0x0a 0x24 0x08 0x00 0x40 0x01 0xe0 0x00 0x09 0x24</data>
    <funcstart label="jump_to_00000000h" validcode="function"/>
  </pattern>

  <pattern>
    <data>0xb0 0x00 0x0a 0x24 0x08 0x00 0x40 0x01 0xe1 0x00 0x09 0x24</data>
    <funcstart label="jump_to_00000000h" validcode="function"/>
  </pattern>

  <pattern>
    <data>0xb0 0x00 0x0a 0x24 0x08 0x00 0x40 0x01 0xe2 0x00 0x09 0x24</data>
    <funcstart label="jump_to_00000000h" validcode="function"/>
  </pattern>

  <pattern>
    <data>0xb0 0x00 0x0a 0x24 0x08 0x00 0x40 0x01 0xe3 0x00 0x09 0x24</data>
    <funcstart label="jump_to_00000000h" validcode="function"/>
  </pattern>

  <pattern>
    <data>0xb0 0x00 0x0a 0x24 0x08 0x00 0x40 0x01 0xe4 0x00 0x09 0x24</data>
    <funcstart label="jump_to_00000000h" validcode="function"/>
  </pattern>

  <pattern>
    <data>0xb0 0x00 0x0a 0x24 0x08 0x00 0x40 0x01 0xe5 0x00 0x09 0x24</data>
    <funcstart label="jump_to_00000000h" validcode="function"/>
  </pattern>

  <pattern>
    <data>0xb0 0x00 0x0a 0x24 0x08 0x00 0x40 0x01 0xe6 0x00 0x09 0x24</data>
    <funcstart label="jump_to_00000000h" validcode="function"/>
  </pattern>

  <pattern>
    <data>0xb0 0x00 0x0a 0x24 0x08 0x00 0x40 0x01 0xe7 0x00 0x09 0x24</data>
    <funcstart label="jump_to_00000000h" validcode="function"/>
  </pattern>

  <pattern>
    <data>0xb0 0x00 0x0a 0x24 0x08 0x00 0x40 0x01 0xe8 0x00 0x09 0x24</data>
    <funcstart label="jump_to_00000000h" validcode="function"/>
  </pattern>

  <pattern>
    <data>0xb0 0x00 0x0a 0x24 0x08 0x00 0x40 0x01 0xe9 0x00 0x09 0x24</data>
    <funcstart label="jump_to_00000000h" validcode="function"/>
  </pattern>

  <pattern>
    <data>0xb0 0x00 0x0a 0x24 0x08 0x00 0x40 0x01 0xea 0x00 0x09 0x24</data>
    <funcstart label="jump_to_00000000h" validcode="function"/>
  </pattern>

  <pattern>
    <data>0xb0 0x00 0x0a 0x24 0x08 0x00 0x40 0x01 0xeb 0x00 0x09 0x24</data>
    <funcstart label="jump_to_00000000h" validcode="function"/>
  </pattern>

  <pattern>
    <data>0xb0 0x00 0x0a 0x24 0x08 0x00 0x40 0x01 0xec 0x00 0x09 0x24</data>
    <funcstart label="jump_to_00000000h" validcode="function"/>
  </pattern>

  <pattern>
    <data>0xb0 0x00 0x0a 0x24 0x08 0x00 0x40 0x01 0xed 0x00 0x09 0x24</data>
    <funcstart label="jump_to_00000000h" validcode="function"/>
  </pattern>

  <pattern>
    <data>0xb0 0x00 0x0a 0x24 0x08 0x00 0x40 0x01 0xee 0x00 0x09 0x24</data>
    <funcstart label="jump_to_00000000h" validcode="function"/>
  </pattern>

  <pattern>
    <data>0xb0 0x00 0x0a 0x24 0x08 0x00 0x40 0x01 0xef 0x00 0x09 0x24</data>
    <funcstart label="jump_to_00000000h" validcode="function"/>
  </pattern>

  <pattern>
    <data>0xb0 0x00 0x0a 0x24 0x08 0x00 0x40 0x01 0xf0 0x00 0x09 0x24</data>
    <funcstart label="jump_to_00000000h" validcode="function"/>
  </pattern>

  <pattern>
    <data>0xb0 0x00 0x0a 0x24 0x08 0x00 0x40 0x01 0xf1 0x00 0x09 0x24</data>
    <funcstart label="jump_to_00000000h" validcode="function"/>
  </pattern>

  <pattern>
    <data>0xb0 0x00 0x0a 0x24 0x08 0x00 0x40 0x01 0xf2 0x00 0x09 0x24</data>
    <funcstart label="jump_to_00000000h" validcode="function"/>
  </pattern>

  <pattern>
    <data>0xb0 0x00 0x0a 0x24 0x08 0x00 0x40 0x01 0xf3 0x00 0x09 0x24</data>
    <funcstart label="jump_to_00000000h" validcode="function"/>
  </pattern>

  <pattern>
    <data>0xb0 0x00 0x0a 0x24 0x08 0x00 0x40 0x01 0xf4 0x00 0x09 0x24</data>
    <funcstart label="jump_to_00000000h" validcode="function"/>
  </pattern>

  <pattern>
    <data>0xb0 0x00 0x0a 0x24 0x08 0x00 0x40 0x01 0xf5 0x00 0x09 0x24</data>
    <funcstart label="jump_to_00000000h" validcode="function"/>
  </pattern>

  <pattern>
    <data>0xb0 0x00 0x0a 0x24 0x08 0x00 0x40 0x01 0xf6 0x00 0x09 0x24</data>
    <funcstart label="jump_to_00000000h" validcode="function"/>
  </pattern>

  <pattern>
    <data>0xb0 0x00 0x0a 0x24 0x08 0x00 0x40 0x01 0xf7 0x00 0x09 0x24</data>
    <funcstart label="jump_to_00000000h" validcode="function"/>
  </pattern>

  <pattern>
    <data>0xb0 0x00 0x0a 0x24 0x08 0x00 0x40 0x01 0xf8 0x00 0x09 0x24</data>
    <funcstart label="jump_to_00000000h" validcode="function"/>
  </pattern>

  <pattern>
    <data>0xb0 0x00 0x0a 0x24 0x08 0x00 0x40 0x01 0xf9 0x00 0x09 0x24</data>
    <funcstart label="jump_to_00000000h" validcode="function"/>
  </pattern>

  <pattern>
    <data>0xb0 0x00 0x0a 0x24 0x08 0x00 0x40 0x01 0xfa 0x00 0x09 0x24</data>
    <funcstart label="jump_to_00000000h" validcode="function"/>
  </pattern>

  <pattern>
    <data>0xb0 0x00 0x0a 0x24 0x08 0x00 0x40 0x01 0xfb 0x00 0x09 0x24</data>
    <funcstart label="jump_to_00000000h" validcode="function"/>
  </pattern>

  <pattern>
    <data>0xb0 0x00 0x0a 0x24 0x08 0x00 0x40 0x01 0xfc 0x00 0x09 0x24</data>
    <funcstart label="jump_to_00000000h" validcode="function"/>
  </pattern>

  <pattern>
    <data>0xb0 0x00 0x0a 0x24 0x08 0x00 0x40 0x01 0xfd 0x00 0x09 0x24</data>
    <funcstart label="jump_to_00000000h" validcode="function"/>
  </pattern>

  <pattern>
    <data>0xb0 0x00 0x0a 0x24 0x08 0x00 0x40 0x01 0xfe 0x00 0x09 0x24</data>
    <funcstart label="jump_to_00000000h" validcode="function"/>
  </pattern>

  <pattern>
    <data>0xb0 0x00 0x0a 0x24 0x08 0x00 0x40 0x01 0xff 0x00 0x09 0x24</data>
    <funcstart label="jump_to_00000000h" validcode="function"/>
  </pattern>
  <pattern>
    <data>0xc0 0x00 0x0a 0x24 0x08 0x00 0x40 0x01 0x00 0x00 0x09 0x24</data>
    <funcstart label="EnqueueTimerAndVblankIrqs" validcode="function"/>
  </pattern>

  <pattern>
    <data>0xc0 0x00 0x0a 0x24 0x08 0x00 0x40 0x01 0x01 0x00 0x09 0x24</data>
    <funcstart label="EnqueueSyscallHandler" validcode="function"/>
  </pattern>

  <pattern>
    <data>0xc0 0x00 0x0a 0x24 0x08 0x00 0x40 0x01 0x02 0x00 0x09 0x24</data>
    <funcstart label="SysEnqIntRP" validcode="function"/>
  </pattern>

  <pattern>
    <data>0xc0 0x00 0x0a 0x24 0x08 0x00 0x40 0x01 0x03 0x00 0x09 0x24</data>
    <funcstart label="SysDeqIntRP" validcode="function"/>
  </pattern>

  <pattern>
    <data>0xc0 0x00 0x0a 0x24 0x08 0x00 0x40 0x01 0x04 0x00 0x09 0x24</data>
    <funcstart label="get_free_EvCB_slot" validcode="function"/>
  </pattern>

  <pattern>
    <data>0xc0 0x00 0x0a 0x24 0x08 0x00 0x40 0x01 0x05 0x00 0x09 0x24</data>
    <funcstart label="get_free_TCB_slot" validcode="function"/>
  </pattern>

  <pattern>
    <data>0xc0 0x00 0x0a 0x24 0x08 0x00 0x40 0x01 0x06 0x00 0x09 0x24</data>
    <funcstart label="ExceptionHandler" validcode="function"/>
  </pattern>

  <pattern>
    <data>0xc0 0x00 0x0a 0x24 0x08 0x00 0x40 0x01 0x07 0x00 0x09 0x24</data>
    <funcstart label="InstallExceptionHandlers" validcode="function"/>
  </pattern>

  <pattern>
    <data>0xc0 0x00 0x0a 0x24 0x08 0x00 0x40 0x01 0x08 0x00 0x09 0x24</data>
    <funcstart label="SysInitMemory" validcode="function"/>
  </pattern>

  <pattern>
    <data>0xc0 0x00 0x0a 0x24 0x08 0x00 0x40 0x01 0x09 0x00 0x09 0x24</data>
    <funcstart label="SysInitKernelVariables" validcode="function"/>
  </pattern>

  <pattern>
    <data>0xc0 0x00 0x0a 0x24 0x08 0x00 0x40 0x01 0x0a 0x00 0x09 0x24</data>
    <funcstart label="ChangeClearRCnt" validcode="function"/>
  </pattern>

  <pattern>
    <data>0xc0 0x00 0x0a 0x24 0x08 0x00 0x40 0x01 0x0b 0x00 0x09 0x24</data>
    <funcstart label="SystemError" validcode="function"/>
  </pattern>

  <pattern>
    <data>0xc0 0x00 0x0a 0x24 0x08 0x00 0x40 0x01 0x0c 0x00 0x09 0x24</data>
    <funcstart label="InitDefInt" validcode="function"/>
  </pattern>

  <pattern>
    <data>0xc0 0x00 0x0a 0x24 0x08 0x00 0x40 0x01 0x0d 0x00 0x09 0x24</data>
    <funcstart label="SetIrqAutoAck" validcode="function"/>
  </pattern>

  <pattern>
    <data>0xc0 0x00 0x0a 0x24 0x08 0x00 0x40 0x01 0x0e 0x00 0x09 0x24</data>
    <funcstart label="syscall_c0_0e" validcode="function"/>
  </pattern>

  <pattern>
    <data>0xc0 0x00 0x0a 0x24 0x08 0x00 0x40 0x01 0x0f 0x00 0x09 0x24</data>
    <funcstart label="syscall_c0_0f" validcode="function"/>
  </pattern>

  <pattern>
    <data>0xc0 0x00 0x0a 0x24 0x08 0x00 0x40 0x01 0x10 0x00 0x09 0x24</data>
    <funcstart label="syscall_c0_10" validcode="function"/>
  </pattern>

  <pattern>
    <data>0xc0 0x00 0x0a 0x24 0x08 0x00 0x40 0x01 0x11 0x00 0x09 0x24</data>
    <funcstart label="syscall_c0_11" validcode="function"/>
  </pattern>

  <pattern>
    <data>0xc0 0x00 0x0a 0x24 0x08 0x00 0x40 0x01 0x12 0x00 0x09 0x24</data>
    <funcstart label="InstallDevices" validcode="function"/>
  </pattern>

  <pattern>
    <data>0xc0 0x00 0x0a 0x24 0x08 0x00 0x40 0x01 0x13 0x00 0x09 0x24</data>
    <funcstart label="FlushStdInOutPut" validcode="function"/>
  </pattern>

  <pattern>
    <data>0xc0 0x00 0x0a 0x24 0x08 0x00 0x40 0x01 0x14 0x00 0x09 0x24</data>
    <funcstart label="syscall_c0_14" validcode="function"/>
  </pattern>

  <pattern>
    <data>0xc0 0x00 0x0a 0x24 0x08 0x00 0x40 0x01 0x15 0x00 0x09 0x24</data>
    <funcstart label="tty_cdevinput" validcode="function"/>
  </pattern>

  <pattern>
    <data>0xc0 0x00 0x0a 0x24 0x08 0x00 0x40 0x01 0x16 0x00 0x09 0x24</data>
    <funcstart label="tty_cdevscan" validcode="function"/>
  </pattern>

  <pattern>
    <data>0xc0 0x00 0x0a 0x24 0x08 0x00 0x40 0x01 0x17 0x00 0x09 0x24</data>
    <funcstart label="tty_circgetc" validcode="function"/>
  </pattern>

  <pattern>
    <data>0xc0 0x00 0x0a 0x24 0x08 0x00 0x40 0x01 0x18 0x00 0x09 0x24</data>
    <funcstart label="tty_circputc" validcode="function"/>
  </pattern>

  <pattern>
    <data>0xc0 0x00 0x0a 0x24 0x08 0x00 0x40 0x01 0x19 0x00 0x09 0x24</data>
    <funcstart label="ioabort" validcode="function"/>
  </pattern>

  <pattern>
    <data>0xc0 0x00 0x0a 0x24 0x08 0x00 0x40 0x01 0x1a 0x00 0x09 0x24</data>
    <funcstart label="set_card_find_mode" validcode="function"/>
  </pattern>

  <pattern>
    <data>0xc0 0x00 0x0a 0x24 0x08 0x00 0x40 0x01 0x1b 0x00 0x09 0x24</data>
    <funcstart label="KernelRedirect" validcode="function"/>
  </pattern>

  <pattern>
    <data>0xc0 0x00 0x0a 0x24 0x08 0x00 0x40 0x01 0x1c 0x00 0x09 0x24</data>
    <funcstart label="AdjustA0Table" validcode="function"/>
  </pattern>

  <pattern>
    <data>0xc0 0x00 0x0a 0x24 0x08 0x00 0x40 0x01 0x1d 0x00 0x09 0x24</data>
    <funcstart label="get_card_find_mode" validcode="function"/>
  </pattern>

  <pattern>
    <data>0xc0 0x00 0x0a 0x24 0x08 0x00 0x40 0x01 0x1e 0x00 0x09 0x24</data>
    <funcstart label="jump_to_00000000h" validcode="function"/>
  </pattern>

  <pattern>
    <data>0xc0 0x00 0x0a 0x24 0x08 0x00 0x40 0x01 0x1f 0x00 0x09 0x24</data>
    <funcstart label="jump_to_00000000h" validcode="function"/>
  </pattern>

  <pattern>
    <data>0xc0 0x00 0x0a 0x24 0x08 0x00 0x40 0x01 0x20 0x00 0x09 0x24</data>
    <funcstart label="jump_to_00000000h" validcode="function"/>
  </pattern>

  <pattern>
    <data>0xc0 0x00 0x0a 0x24 0x08 0x00 0x40 0x01 0x21 0x00 0x09 0x24</data>
    <funcstart label="jump_to_00000000h" validcode="function"/>
  </pattern>

  <pattern>
    <data>0xc0 0x00 0x0a 0x24 0x08 0x00 0x40 0x01 0x22 0x00 0x09 0x24</data>
    <funcstart label="jump_to_00000000h" validcode="function"/>
  </pattern>

  <pattern>
    <data>0xc0 0x00 0x0a 0x24 0x08 0x00 0x40 0x01 0x23 0x00 0x09 0x24</data>
    <funcstart label="jump_to_00000000h" validcode="function"/>
  </pattern>

  <pattern>
    <data>0xc0 0x00 0x0a 0x24 0x08 0x00 0x40 0x01 0x24 0x00 0x09 0x24</data>
    <funcstart label="jump_to_00000000h" validcode="function"/>
  </pattern>

  <pattern>
    <data>0xc0 0x00 0x0a 0x24 0x08 0x00 0x40 0x01 0x25 0x00 0x09 0x24</data>
    <funcstart label="jump_to_00000000h" validcode="function"/>
  </pattern>

  <pattern>
    <data>0xc0 0x00 0x0a 0x24 0x08 0x00 0x40 0x01 0x26 0x00 0x09 0x24</data>
    <funcstart label="jump_to_00000000h" validcode="function"/>
  </pattern>

  <pattern>
    <data>0xc0 0x00 0x0a 0x24 0x08 0x00 0x40 0x01 0x27 0x00 0x09 0x24</data>
    <funcstart label="jump_to_00000000h" validcode="function"/>
  </pattern>

  <pattern>
    <data>0xc0 0x00 0x0a 0x24 0x08 0x00 0x40 0x01 0x28 0x00 0x09 0x24</data>
    <funcstart label="jump_to_00000000h" validcode="function"/>
  </pattern>

  <pattern>
    <data>0xc0 0x00 0x0a 0x24 0x08 0x00 0x40 0x01 0x29 0x00 0x09 0x24</data>
    <funcstart label="jump_to_00000000h" validcode="function"/>
  </pattern>

  <pattern>
    <data>0xc0 0x00 0x0a 0x24 0x08 0x00 0x40 0x01 0x2a 0x00 0x09 0x24</data>
    <funcstart label="jump_to_00000000h" validcode="function"/>
  </pattern>

  <pattern>
    <data>0xc0 0x00 0x0a 0x24 0x08 0x00 0x40 0x01 0x2b 0x00 0x09 0x24</data>
    <funcstart label="jump_to_00000000h" validcode="function"/>
  </pattern>

  <pattern>
    <data>0xc0 0x00 0x0a 0x24 0x08 0x00 0x40 0x01 0x2c 0x00 0x09 0x24</data>
    <funcstart label="jump_to_00000000h" validcode="function"/>
  </pattern>

  <pattern>
    <data>0xc0 0x00 0x0a 0x24 0x08 0x00 0x40 0x01 0x2d 0x00 0x09 0x24</data>
    <funcstart label="jump_to_00000000h" validcode="function"/>
  </pattern>

  <pattern>
    <data>0xc0 0x00 0x0a 0x24 0x08 0x00 0x40 0x01 0x2e 0x00 0x09 0x24</data>
    <funcstart label="jump_to_00000000h" validcode="function"/>
  </pattern>

  <pattern>
    <data>0xc0 0x00 0x0a 0x24 0x08 0x00 0x40 0x01 0x2f 0x00 0x09 0x24</data>
    <funcstart label="jump_to_00000000h" validcode="function"/>
  </pattern>

  <pattern>
    <data>0xc0 0x00 0x0a 0x24 0x08 0x00 0x40 0x01 0x30 0x00 0x09 0x24</data>
    <funcstart label="jump_to_00000000h" validcode="function"/>
  </pattern>

  <pattern>
    <data>0xc0 0x00 0x0a 0x24 0x08 0x00 0x40 0x01 0x31 0x00 0x09 0x24</data>
    <funcstart label="jump_to_00000000h" validcode="function"/>
  </pattern>

  <pattern>
    <data>0xc0 0x00 0x0a 0x24 0x08 0x00 0x40 0x01 0x32 0x00 0x09 0x24</data>
    <funcstart label="jump_to_00000000h" validcode="function"/>
  </pattern>

  <pattern>
    <data>0xc0 0x00 0x0a 0x24 0x08 0x00 0x40 0x01 0x33 0x00 0x09 0x24</data>
    <funcstart label="jump_to_00000000h" validcode="function"/>
  </pattern>

  <pattern>
    <data>0xc0 0x00 0x0a 0x24 0x08 0x00 0x40 0x01 0x34 0x00 0x09 0x24</data>
    <funcstart label="jump_to_00000000h" validcode="function"/>
  </pattern>

  <pattern>
    <data>0xc0 0x00 0x0a 0x24 0x08 0x00 0x40 0x01 0x35 0x00 0x09 0x24</data>
    <funcstart label="jump_to_00000000h" validcode="function"/>
  </pattern>

  <pattern>
    <data>0xc0 0x00 0x0a 0x24 0x08 0x00 0x40 0x01 0x36 0x00 0x09 0x24</data>
    <funcstart label="jump_to_00000000h" validcode="function"/>
  </pattern>

  <pattern>
    <data>0xc0 0x00 0x0a 0x24 0x08 0x00 0x40 0x01 0x37 0x00 0x09 0x24</data>
    <funcstart label="jump_to_00000000h" validcode="function"/>
  </pattern>

  <pattern>
    <data>0xc0 0x00 0x0a 0x24 0x08 0x00 0x40 0x01 0x38 0x00 0x09 0x24</data>
    <funcstart label="jump_to_00000000h" validcode="function"/>
  </pattern>

  <pattern>
    <data>0xc0 0x00 0x0a 0x24 0x08 0x00 0x40 0x01 0x39 0x00 0x09 0x24</data>
    <funcstart label="jump_to_00000000h" validcode="function"/>
  </pattern>

  <pattern>
    <data>0xc0 0x00 0x0a 0x24 0x08 0x00 0x40 0x01 0x3a 0x00 0x09 0x24</data>
    <funcstart label="jump_to_00000000h" validcode="function"/>
  </pattern>

  <pattern>
    <data>0xc0 0x00 0x0a 0x24 0x08 0x00 0x40 0x01 0x3b 0x00 0x09 0x24</data>
    <funcstart label="jump_to_00000000h" validcode="function"/>
  </pattern>

  <pattern>
    <data>0xc0 0x00 0x0a 0x24 0x08 0x00 0x40 0x01 0x3c 0x00 0x09 0x24</data>
    <funcstart label="jump_to_00000000h" validcode="function"/>
  </pattern>

  <pattern>
    <data>0xc0 0x00 0x0a 0x24 0x08 0x00 0x40 0x01 0x3d 0x00 0x09 0x24</data>
    <funcstart label="jump_to_00000000h" validcode="function"/>
  </pattern>

  <pattern>
    <data>0xc0 0x00 0x0a 0x24 0x08 0x00 0x40 0x01 0x3e 0x00 0x09 0x24</data>
    <funcstart label="jump_to_00000000h" validcode="function"/>
  </pattern>

  <pattern>
    <data>0xc0 0x00 0x0a 0x24 0x08 0x00 0x40 0x01 0x3f 0x00 0x09 0x24</data>
    <funcstart label="jump_to_00000000h" validcode="function"/>
  </pattern>

  <pattern>
    <data>0xc0 0x00 0x0a 0x24 0x08 0x00 0x40 0x01 0x40 0x00 0x09 0x24</data>
    <funcstart label="jump_to_00000000h" validcode="function"/>
  </pattern>

  <pattern>
    <data>0xc0 0x00 0x0a 0x24 0x08 0x00 0x40 0x01 0x41 0x00 0x09 0x24</data>
    <funcstart label="jump_to_00000000h" validcode="function"/>
  </pattern>

  <pattern>
    <data>0xc0 0x00 0x0a 0x24 0x08 0x00 0x40 0x01 0x42 0x00 0x09 0x24</data>
    <funcstart label="jump_to_00000000h" validcode="function"/>
  </pattern>

  <pattern>
    <data>0xc0 0x00 0x0a 0x24 0x08 0x00 0x40 0x01 0x43 0x00 0x09 0x24</data>
    <funcstart label="jump_to_00000000h" validcode="function"/>
  </pattern>

  <pattern>
    <data>0xc0 0x00 0x0a 0x24 0x08 0x00 0x40 0x01 0x44 0x00 0x09 0x24</data>
    <funcstart label="jump_to_00000000h" validcode="function"/>
  </pattern>

  <pattern>
    <data>0xc0 0x00 0x0a 0x24 0x08 0x00 0x40 0x01 0x45 0x00 0x09 0x24</data>
    <funcstart label="jump_to_00000000h" validcode="function"/>
  </pattern>

  <pattern>
    <data>0xc0 0x00 0x0a 0x24 0x08 0x00 0x40 0x01 0x46 0x00 0x09 0x24</data>
    <funcstart label="jump_to_00000000h" validcode="function"/>
  </pattern>

  <pattern>
    <data>0xc0 0x00 0x0a 0x24 0x08 0x00 0x40 0x01 0x47 0x00 0x09 0x24</data>
    <funcstart label="jump_to_00000000h" validcode="function"/>
  </pattern>

  <pattern>
    <data>0xc0 0x00 0x0a 0x24 0x08 0x00 0x40 0x01 0x48 0x00 0x09 0x24</data>
    <funcstart label="jump_to_00000000h" validcode="function"/>
  </pattern>

  <pattern>
    <data>0xc0 0x00 0x0a 0x24 0x08 0x00 0x40 0x01 0x49 0x00 0x09 0x24</data>
    <funcstart label="jump_to_00000000h" validcode="function"/>
  </pattern>

  <pattern>
    <data>0xc0 0x00 0x0a 0x24 0x08 0x00 0x40 0x01 0x4a 0x00 0x09 0x24</data>
    <funcstart label="jump_to_00000000h" validcode="function"/>
  </pattern>

  <pattern>
    <data>0xc0 0x00 0x0a 0x24 0x08 0x00 0x40 0x01 0x4b 0x00 0x09 0x24</data>
    <funcstart label="jump_to_00000000h" validcode="function"/>
  </pattern>

  <pattern>
    <data>0xc0 0x00 0x0a 0x24 0x08 0x00 0x40 0x01 0x4c 0x00 0x09 0x24</data>
    <funcstart label="jump_to_00000000h" validcode="function"/>
  </pattern>

  <pattern>
    <data>0xc0 0x00 0x0a 0x24 0x08 0x00 0x40 0x01 0x4d 0x00 0x09 0x24</data>
    <funcstart label="jump_to_00000000h" validcode="function"/>
  </pattern>

  <pattern>
    <data>0xc0 0x00 0x0a 0x24 0x08 0x00 0x40 0x01 0x4e 0x00 0x09 0x24</data>
    <funcstart label="jump_to_00000000h" validcode="function"/>
  </pattern>

  <pattern>
    <data>0xc0 0x00 0x0a 0x24 0x08 0x00 0x40 0x01 0x4f 0x00 0x09 0x24</data>
    <funcstart label="jump_to_00000000h" validcode="function"/>
  </pattern>

  <pattern>
    <data>0xc0 0x00 0x0a 0x24 0x08 0x00 0x40 0x01 0x50 0x00 0x09 0x24</data>
    <funcstart label="jump_to_00000000h" validcode="function"/>
  </pattern>

  <pattern>
    <data>0xc0 0x00 0x0a 0x24 0x08 0x00 0x40 0x01 0x51 0x00 0x09 0x24</data>
    <funcstart label="jump_to_00000000h" validcode="function"/>
  </pattern>

  <pattern>
    <data>0xc0 0x00 0x0a 0x24 0x08 0x00 0x40 0x01 0x52 0x00 0x09 0x24</data>
    <funcstart label="jump_to_00000000h" validcode="function"/>
  </pattern>

  <pattern>
    <data>0xc0 0x00 0x0a 0x24 0x08 0x00 0x40 0x01 0x53 0x00 0x09 0x24</data>
    <funcstart label="jump_to_00000000h" validcode="function"/>
  </pattern>

  <pattern>
    <data>0xc0 0x00 0x0a 0x24 0x08 0x00 0x40 0x01 0x54 0x00 0x09 0x24</data>
    <funcstart label="jump_to_00000000h" validcode="function"/>
  </pattern>

  <pattern>
    <data>0xc0 0x00 0x0a 0x24 0x08 0x00 0x40 0x01 0x55 0x00 0x09 0x24</data>
    <funcstart label="jump_to_00000000h" validcode="function"/>
  </pattern>

  <pattern>
    <data>0xc0 0x00 0x0a 0x24 0x08 0x00 0x40 0x01 0x56 0x00 0x09 0x24</data>
    <funcstart label="jump_to_00000000h" validcode="function"/>
  </pattern>

  <pattern>
    <data>0xc0 0x00 0x0a 0x24 0x08 0x00 0x40 0x01 0x57 0x00 0x09 0x24</data>
    <funcstart label="jump_to_00000000h" validcode="function"/>
  </pattern>

  <pattern>
    <data>0xc0 0x00 0x0a 0x24 0x08 0x00 0x40 0x01 0x58 0x00 0x09 0x24</data>
    <funcstart label="jump_to_00000000h" validcode="function"/>
  </pattern>

  <pattern>
    <data>0xc0 0x00 0x0a 0x24 0x08 0x00 0x40 0x01 0x59 0x00 0x09 0x24</data>
    <funcstart label="jump_to_00000000h" validcode="function"/>
  </pattern>

  <pattern>
    <data>0xc0 0x00 0x0a 0x24 0x08 0x00 0x40 0x01 0x5a 0x00 0x09 0x24</data>
    <funcstart label="jump_to_00000000h" validcode="function"/>
  </pattern>

  <pattern>
    <data>0xc0 0x00 0x0a 0x24 0x08 0x00 0x40 0x01 0x5b 0x00 0x09 0x24</data>
    <funcstart label="jump_to_00000000h" validcode="function"/>
  </pattern>

  <pattern>
    <data>0xc0 0x00 0x0a 0x24 0x08 0x00 0x40 0x01 0x5c 0x00 0x09 0x24</data>
    <funcstart label="jump_to_00000000h" validcode="function"/>
  </pattern>

  <pattern>
    <data>0xc0 0x00 0x0a 0x24 0x08 0x00 0x40 0x01 0x5d 0x00 0x09 0x24</data>
    <funcstart label="jump_to_00000000h" validcode="function"/>
  </pattern>

  <pattern>
    <data>0xc0 0x00 0x0a 0x24 0x08 0x00 0x40 0x01 0x5e 0x00 0x09 0x24</data>
    <funcstart label="jump_to_00000000h" validcode="function"/>
  </pattern>

  <pattern>
    <data>0xc0 0x00 0x0a 0x24 0x08 0x00 0x40 0x01 0x5f 0x00 0x09 0x24</data>
    <funcstart label="jump_to_00000000h" validcode="function"/>
  </pattern>

  <pattern>
    <data>0xc0 0x00 0x0a 0x24 0x08 0x00 0x40 0x01 0x60 0x00 0x09 0x24</data>
    <funcstart label="jump_to_00000000h" validcode="function"/>
  </pattern>

  <pattern>
    <data>0xc0 0x00 0x0a 0x24 0x08 0x00 0x40 0x01 0x61 0x00 0x09 0x24</data>
    <funcstart label="jump_to_00000000h" validcode="function"/>
  </pattern>

  <pattern>
    <data>0xc0 0x00 0x0a 0x24 0x08 0x00 0x40 0x01 0x62 0x00 0x09 0x24</data>
    <funcstart label="jump_to_00000000h" validcode="function"/>
  </pattern>

  <pattern>
    <data>0xc0 0x00 0x0a 0x24 0x08 0x00 0x40 0x01 0x63 0x00 0x09 0x24</data>
    <funcstart label="jump_to_00000000h" validcode="function"/>
  </pattern>

  <pattern>
    <data>0xc0 0x00 0x0a 0x24 0x08 0x00 0x40 0x01 0x64 0x00 0x09 0x24</data>
    <funcstart label="jump_to_00000000h" validcode="function"/>
  </pattern>

  <pattern>
    <data>0xc0 0x00 0x0a 0x24 0x08 0x00 0x40 0x01 0x65 0x00 0x09 0x24</data>
    <funcstart label="jump_to_00000000h" validcode="function"/>
  </pattern>

  <pattern>
    <data>0xc0 0x00 0x0a 0x24 0x08 0x00 0x40 0x01 0x66 0x00 0x09 0x24</data>
    <funcstart label="jump_to_00000000h" validcode="function"/>
  </pattern>

  <pattern>
    <data>0xc0 0x00 0x0a 0x24 0x08 0x00 0x40 0x01 0x67 0x00 0x09 0x24</data>
    <funcstart label="jump_to_00000000h" validcode="function"/>
  </pattern>

  <pattern>
    <data>0xc0 0x00 0x0a 0x24 0x08 0x00 0x40 0x01 0x68 0x00 0x09 0x24</data>
    <funcstart label="jump_to_00000000h" validcode="function"/>
  </pattern>

  <pattern>
    <data>0xc0 0x00 0x0a 0x24 0x08 0x00 0x40 0x01 0x69 0x00 0x09 0x24</data>
    <funcstart label="jump_to_00000000h" validcode="function"/>
  </pattern>

  <pattern>
    <data>0xc0 0x00 0x0a 0x24 0x08 0x00 0x40 0x01 0x6a 0x00 0x09 0x24</data>
    <funcstart label="jump_to_00000000h" validcode="function"/>
  </pattern>

  <pattern>
    <data>0xc0 0x00 0x0a 0x24 0x08 0x00 0x40 0x01 0x6b 0x00 0x09 0x24</data>
    <funcstart label="jump_to_00000000h" validcode="function"/>
  </pattern>

  <pattern>
    <data>0xc0 0x00 0x0a 0x24 0x08 0x00 0x40 0x01 0x6c 0x00 0x09 0x24</data>
    <funcstart label="jump_to_00000000h" validcode="function"/>
  </pattern>

  <pattern>
    <data>0xc0 0x00 0x0a 0x24 0x08 0x00 0x40 0x01 0x6d 0x00 0x09 0x24</data>
    <funcstart label="jump_to_00000000h" validcode="function"/>
  </pattern>

  <pattern>
    <data>0xc0 0x00 0x0a 0x24 0x08 0x00 0x40 0x01 0x6e 0x00 0x09 0x24</data>
    <funcstart label="jump_to_00000000h" validcode="function"/>
  </pattern>

  <pattern>
    <data>0xc0 0x00 0x0a 0x24 0x08 0x00 0x40 0x01 0x6f 0x00 0x09 0x24</data>
    <funcstart label="jump_to_00000000h" validcode="function"/>
  </pattern>

  <pattern>
    <data>0xc0 0x00 0x0a 0x24 0x08 0x00 0x40 0x01 0x70 0x00 0x09 0x24</data>
    <funcstart label="jump_to_00000000h" validcode="function"/>
  </pattern>

  <pattern>
    <data>0xc0 0x00 0x0a 0x24 0x08 0x00 0x40 0x01 0x71 0x00 0x09 0x24</data>
    <funcstart label="jump_to_00000000h" validcode="function"/>
  </pattern>

  <pattern>
    <data>0xc0 0x00 0x0a 0x24 0x08 0x00 0x40 0x01 0x72 0x00 0x09 0x24</data>
    <funcstart label="jump_to_00000000h" validcode="function"/>
  </pattern>

  <pattern>
    <data>0xc0 0x00 0x0a 0x24 0x08 0x00 0x40 0x01 0x73 0x00 0x09 0x24</data>
    <funcstart label="jump_to_00000000h" validcode="function"/>
  </pattern>

  <pattern>
    <data>0xc0 0x00 0x0a 0x24 0x08 0x00 0x40 0x01 0x74 0x00 0x09 0x24</data>
    <funcstart label="jump_to_00000000h" validcode="function"/>
  </pattern>

  <pattern>
    <data>0xc0 0x00 0x0a 0x24 0x08 0x00 0x40 0x01 0x75 0x00 0x09 0x24</data>
    <funcstart label="jump_to_00000000h" validcode="function"/>
  </pattern>

  <pattern>
    <data>0xc0 0x00 0x0a 0x24 0x08 0x00 0x40 0x01 0x76 0x00 0x09 0x24</data>
    <funcstart label="jump_to_00000000h" validcode="function"/>
  </pattern>

  <pattern>
    <data>0xc0 0x00 0x0a 0x24 0x08 0x00 0x40 0x01 0x77 0x00 0x09 0x24</data>
    <funcstart label="jump_to_00000000h" validcode="function"/>
  </pattern>

  <pattern>
    <data>0xc0 0x00 0x0a 0x24 0x08 0x00 0x40 0x01 0x78 0x00 0x09 0x24</data>
    <funcstart label="jump_to_00000000h" validcode="function"/>
  </pattern>

  <pattern>
    <data>0xc0 0x00 0x0a 0x24 0x08 0x00 0x40 0x01 0x79 0x00 0x09 0x24</data>
    <funcstart label="jump_to_00000000h" validcode="function"/>
  </pattern>

  <pattern>
    <data>0xc0 0x00 0x0a 0x24 0x08 0x00 0x40 0x01 0x7a 0x00 0x09 0x24</data>
    <funcstart label="jump_to_00000000h" validcode="function"/>
  </pattern>

  <pattern>
    <data>0xc0 0x00 0x0a 0x24 0x08 0x00 0x40 0x01 0x7b 0x00 0x09 0x24</data>
    <funcstart label="jump_to_00000000h" validcode="function"/>
  </pattern>

  <pattern>
    <data>0xc0 0x00 0x0a 0x24 0x08 0x00 0x40 0x01 0x7c 0x00 0x09 0x24</data>
    <funcstart label="jump_to_00000000h" validcode="function"/>
  </pattern>

  <pattern>
    <data>0xc0 0x00 0x0a 0x24 0x08 0x00 0x40 0x01 0x7d 0x00 0x09 0x24</data>
    <funcstart label="jump_to_00000000h" validcode="function"/>
  </pattern>

  <pattern>
    <data>0xc0 0x00 0x0a 0x24 0x08 0x00 0x40 0x01 0x7e 0x00 0x09 0x24</data>
    <funcstart label="jump_to_00000000h" validcode="function"/>
  </pattern>

  <pattern>
    <data>0xc0 0x00 0x0a 0x24 0x08 0x00 0x40 0x01 0x7f 0x00 0x09 0x24</data>
    <funcstart label="jump_to_00000000h" validcode="function"/>
  </pattern>


</patternlist>
